"","PC","PN","0.25","0.5","0.75"
"1",0.875,1,0.96875,0.9375,0.90625
"2",0.873796419197413,0.998317382062055,0.967187141345895,0.936056900629734,0.904926659913574
"3",0.872597657417183,0.996641501165315,0.965630540228282,0.934619579291249,0.903608618354216
"4",0.871403685774778,0.994972316928919,0.964080159140384,0.933188001351848,0.902295843563313
"5",0.870214475616047,0.993309789294076,0.962535960874568,0.931762132455061,0.900988304035554
"6",0.869029998514925,0.991653878520865,0.96099790851938,0.930341938517895,0.89968596851641
"7",0.86785022627117,0.990004545185068,0.959465965456593,0.928927385728119,0.898388805999644
"8",0.866675130908123,0.988361750175037,0.957940095358309,0.92751844054158,0.897096785724851
"9",0.865504684670498,0.986725454688607,0.95642026218408,0.926115069679553,0.895809877175025
"10",0.864338860022198,0.985095620230039,0.954906430178079,0.924717240126119,0.894528050074158
"11",0.863177629644153,0.983472208606999,0.953398563866288,0.923324919125576,0.893251274384864
"12",0.862020966432184,0.981855181927581,0.951896628053732,0.921938074179883,0.891979520306034
"13",0.860868843494903,0.980244502597352,0.95040058782174,0.920556673046127,0.890712758270515
"14",0.859721234151618,0.978640133316441,0.948910408525236,0.91918068373403,0.889450958942824
"15",0.858578111930282,0.977042037076663,0.947426055790068,0.917810074503472,0.888194093216877
"16",0.857439450565452,0.975450177158666,0.945947495510363,0.916444813862059,0.886942132213755
"17",0.85630522399628,0.973864517129127,0.944474693845915,0.915084870562703,0.885695047279492
"18",0.855175406364524,0.972285020837967,0.943007617219606,0.913730213601245,0.884452809982885
"19",0.854049972012585,0.970711652415603,0.941546232314849,0.912380812214094,0.883215392113339
"20",0.852928895481559,0.96914437627024,0.94009050607307,0.911036635875899,0.881982765678729
"21",0.851812151509325,0.967583157085176,0.938640405691213,0.909697654297251,0.880754902903288
"22",0.850699715028641,0.96602795981616,0.93719589861928,0.9083638374224,0.879531776225521
"23",0.849591561165272,0.964478749688763,0.93575695255789,0.907035155427017,0.878313358296144
"24",0.848487665236134,0.962935492195789,0.934323535455875,0.905711578715961,0.877099621976047
"25",0.847388002747462,0.961398153094711,0.932895615507899,0.904393077921087,0.875890540334275
"26",0.846292549393002,0.959866698405142,0.931473161152107,0.903079623899072,0.874686086646037
"27",0.845201281052211,0.958341094406325,0.930056141067797,0.901771187729268,0.87348623439074
"28",0.844114173788498,0.956821307634667,0.928644524173124,0.900467740711582,0.87229095725004
"29",0.843031203847465,0.955307304881281,0.927238279622827,0.899169254364373,0.871100229105919
"30",0.84195234765518,0.953799053189579,0.92583737680598,0.89787570042238,0.86991402403878
"31",0.840877581816467,0.952296519852872,0.924441785343771,0.896587050834669,0.868732316325568
"32",0.839806883113215,0.950799672412008,0.92305147508731,0.895303277762612,0.867555080437914
"33",0.838740228502706,0.949308478653037,0.921666416115454,0.894024353577871,0.866382291040289
"34",0.837677595115959,0.947822906604897,0.920286578732663,0.892750250860428,0.865213922988193
"35",0.836618960256098,0.946342924537132,0.918911933466874,0.891480942396615,0.864049951326357
"36",0.835564301396739,0.944868500957631,0.917542451067408,0.890216401177185,0.862890351286962
"37",0.834513596180387,0.943399604610392,0.916178102502891,0.88895660039539,0.861735098287888
"38",0.833466822416858,0.941936204473319,0.914818858959204,0.887701513445089,0.860584167930973
"39",0.832423958081718,0.940478269756034,0.913464691837455,0.886451113918876,0.859437536000297
"40",0.831384981314738,0.939025769897718,0.912115572751973,0.885205375606228,0.858295178460483
"41",0.830349870418364,0.937578674564976,0.910771473528323,0.88396427249167,0.857157071455017
"42",0.82931860385621,0.936136953649726,0.909432366201347,0.882727778752968,0.856023191304589
"43",0.828291160251563,0.934700577267111,0.908098223013224,0.881495868759337,0.85489351450545
"44",0.827267518385906,0.933269515753431,0.90676901641155,0.880268517069669,0.853768017727787
"45",0.826247657197457,0.931843739664106,0.905444719047444,0.879045698430782,0.852646677814119
"46",0.825231555779724,0.930423219771654,0.904125303773671,0.877827387775689,0.851529471777706
"47",0.824219193380078,0.929007927063691,0.902810743642788,0.876613560221885,0.850416376800981
"48",0.823210549398339,0.927597832740961,0.901501011905306,0.87540419106965,0.849307370233995
"49",0.822205603385379,0.92619290821538,0.90019608200788,0.874199255800379,0.848202429592879
"50",0.821204335041739,0.924793125108103,0.898895927591512,0.872998730074921,0.84710153255833
"51",0.820206724216265,0.923398455247615,0.897600522489777,0.87180258973194,0.846004656974103
"52",0.819212750904754,0.92200887066784,0.896309840727068,0.870610810786297,0.844911780845525
"53",0.818222395248615,0.920624343606272,0.895023856516858,0.869423369427444,0.843822882338029
"54",0.817235637533551,0.919244846502128,0.893742544259984,0.86824024201784,0.842737939775695
"55",0.816252458188248,0.917870351994515,0.892465878542948,0.867061405091381,0.841656931639815
"56",0.81527283778308,0.916500832920625,0.891193834136239,0.865886835351853,0.840579836567467
"57",0.814296757028834,0.915136262313943,0.889926385992666,0.864716509671388,0.839506633350111
"58",0.813324196775438,0.913776613402478,0.888663509245718,0.863550405088958,0.838437300932198
"59",0.812355138010711,0.912421859607014,0.887405179207938,0.862388498808863,0.837371818409787
"60",0.811389561859126,0.911071974539375,0.886151371369313,0.861230768199251,0.836310165029189
"61",0.810427449580582,0.909726932000714,0.884902061395681,0.860077190790648,0.835252320185615
"62",0.809468782569191,0.908386705979815,0.883657225127159,0.858927744274503,0.834198263421847
"63",0.808513542352083,0.90705127065142,0.882416838576586,0.857782406501752,0.833147974426918
"64",0.807561710588214,0.905720600374568,0.88118087792798,0.856641155481391,0.832101433034803
"65",0.806613269067196,0.904394669690955,0.879949319535016,0.855503969379076,0.831058619223136
"66",0.805668199708133,0.90307345332331,0.878722139919515,0.854370826515721,0.830019513111927
"67",0.804726484558473,0.901756926173786,0.877499315769957,0.853241705366129,0.828984094962301
"68",0.803788105792874,0.900445063322376,0.87628082394,0.852116584557625,0.827952345175249
"69",0.802853045712074,0.899137840025337,0.875066641447021,0.850995442868705,0.826924244290389
"70",0.801921286741782,0.897835231713636,0.873856745470672,0.849878259227709,0.825899772984746
"71",0.800992811431577,0.896537213991409,0.872651113351451,0.848765012711493,0.824878912071535
"72",0.800067602453816,0.895243762634439,0.871449722589283,0.847655682544127,0.823861642498972
"73",0.799145642602558,0.893954853588651,0.870252550842127,0.846550248095604,0.822847945349081
"74",0.798226914792497,0.892670462968615,0.869059575924585,0.845448688880556,0.821837801836526
"75",0.797311402057907,0.891390567056079,0.867870775806536,0.844350984556993,0.82083119330745
"76",0.796399087551597,0.890115142298501,0.866686128611775,0.843257114925049,0.819828101238323
"77",0.795489954543877,0.88884416530761,0.865505612616676,0.842167059925743,0.81882850723481
"78",0.794583986421538,0.887577612857972,0.864329206248863,0.841080799639755,0.817832393030647
"79",0.793681166686838,0.886315461885579,0.863156888085894,0.839998314286208,0.816839740486523
"80",0.792781478956498,0.885057689486447,0.86198863685396,0.838919584221472,0.815850531588985
"81",0.791884906960717,0.883804272915231,0.860824431426602,0.837844589937974,0.814864748449345
"82",0.790991434542187,0.882555189583853,0.859664250823436,0.83677331206302,0.813882373302603
"83",0.790101045655123,0.881310417060147,0.858508074208891,0.835705731357635,0.812903388506379
"84",0.789213724364303,0.880069933066514,0.857355880890961,0.834641828715408,0.811927776539856
"85",0.788329454844119,0.878833715478594,0.856207650319975,0.833581585161357,0.810955520002738
"86",0.787448221377632,0.877601742323953,0.855063362087372,0.832524981850792,0.809986601614212
"87",0.786570008355644,0.876373991780775,0.853922995924492,0.831472000068209,0.809021004211926
"88",0.785694800275775,0.875150442176581,0.85278653170138,0.830422621226178,0.808058710750977
"89",0.784822581741554,0.873931071986949,0.8516539494256,0.829376826864251,0.807099704302903
"90",0.78395333746151,0.872715859834251,0.850525229241066,0.828334598647881,0.806143968054695
"91",0.783087052248285,0.871504784486409,0.849400351426878,0.827295918367347,0.805191485307816
"92",0.782223711017744,0.870297824855653,0.848279296396175,0.826260767936698,0.804242239477221
"93",0.781363298788104,0.869094959997299,0.847162044695001,0.825229129392702,0.803296214090403
"94",0.780505800679063,0.867896169108541,0.846048577001171,0.824200984893802,0.802353392786432
"95",0.779651201910946,0.866701431527243,0.844938874123169,0.823176316719094,0.80141375931502
"96",0.778799487803854,0.865510726730761,0.843832916999034,0.822155107267308,0.800477297535581
"97",0.777950643776824,0.864324034334764,0.842730686695279,0.821137339055794,0.799543991416309
"98",0.777104655346996,0.863141334092069,0.841632164405801,0.820122994719533,0.798613825033264
"99",0.776261508128791,0.861962605891494,0.840537331450818,0.819112057010142,0.797686782569466
"100",0.775421187833093,0.860787829756712,0.839446169275807,0.818104508794902,0.796762848313998
"101",0.774583680266445,0.859616985845129,0.838358659450458,0.817100333055787,0.795842006661116
"102",0.773748971330247,0.858450054446763,0.837274783667634,0.816099512888505,0.794924242109376
"103",0.772917047019966,0.857287015983137,0.836194523742344,0.815102031501552,0.794009539260759
"104",0.772087893424356,0.856127851006189,0.83511786161073,0.814107872215272,0.793097882819814
"105",0.771261496724674,0.854972540197181,0.834044779329055,0.813117018460928,0.792189257592801
"106",0.770437843193923,0.853821064365633,0.832975259072705,0.812129453779778,0.79128364848685
"107",0.769616919196083,0.852673404448255,0.831909283135212,0.811145161822169,0.790381040509126
"108",0.768798711185364,0.851529541507897,0.830846833927264,0.81016412634663,0.789481418765997
"109",0.767983205705459,0.850389456732507,0.829787893975745,0.809186331218983,0.788584768462221
"110",0.767170389388806,0.849253131434103,0.828732445922779,0.808211760411454,0.78769107490013
"111",0.76636024895586,0.848120547047744,0.827680472524773,0.807240398001802,0.786800323478831
"112",0.765552771214363,0.846991685130528,0.826631956651487,0.806272228172446,0.785912499693404
"113",0.764747943058639,0.845866527360585,0.825586881285099,0.805307235209612,0.785027589134126
"114",0.763945751468875,0.844745055536088,0.824545229519285,0.804345403502481,0.784145577485678
"115",0.763146183510422,0.843627251574271,0.823506984558309,0.803386717542347,0.783266450526384
"116",0.762349226333103,0.842513097510458,0.822472129716119,0.80243116192178,0.782390194127442
"117",0.761554867170521,0.841402575497097,0.821440648415453,0.801478721333809,0.781516794252165
"118",0.760763093339378,0.840295667802813,0.820412524186954,0.800529380571096,0.780646236955237
"119",0.759973892238801,0.839192356811458,0.819387740668294,0.79958312452513,0.779778508381965
"120",0.759187251349672,0.838092625021183,0.818366281603305,0.798639938185428,0.77891359476755
"121",0.758403158233967,0.836996455043506,0.817348130841122,0.797699806638737,0.778051482436352
"122",0.757621600534101,0.8359038296024,0.816333272335325,0.796762715068251,0.777192157801176
"123",0.756842565972278,0.834814731533384,0.815321690143107,0.795828648752831,0.776335607362554
"124",0.756066042349847,0.833729143782622,0.814313368424429,0.794897593066235,0.775481817708041
"125",0.755292017546668,0.832647049406039,0.813308291441196,0.793969533476354,0.774630775511511
"126",0.75452047952048,0.831568431568432,0.812306443556444,0.793044455544456,0.773782467532467
"127",0.753751416306273,0.830493273542601,0.811307809233519,0.792122344924437,0.772936880615355
"128",0.752984816015678,0.829421558708485,0.810312373035283,0.791203187362082,0.77209400168888
"129",0.752220666836345,0.828353270552303,0.809320119623314,0.790286968694324,0.771253817765335
"130",0.751458957031343,0.827288392665708,0.808331033757117,0.789373674848526,0.770416315939934
"131",0.750699674938555,0.826226908744946,0.807345100293348,0.788463291841751,0.769581483390153
"132",0.749942808970087,0.825168802590021,0.806362304185038,0.787555805780054,0.76874930737507
"133",0.749188347611671,0.824114058103879,0.805382630480827,0.786651202857775,0.767919775234723
"134",0.748436279422092,0.823062659291582,0.804406064324209,0.785749469356837,0.767092874389464
"135",0.7476865930326,0.822014590259505,0.803432590952779,0.784850591646052,0.766268592339326
"136",0.746939277146341,0.820969835214536,0.802462195697487,0.783954556180438,0.765446916663389
"137",0.74619432053779,0.819928378463278,0.801494863981906,0.783061349500534,0.764627835019162
"138",0.745451712052189,0.818890204411269,0.800530581321499,0.782170958231729,0.763811335141959
"139",0.744711440604988,0.817855297562198,0.799569333322895,0.781283369083593,0.762997404844291
"140",0.743973495181297,0.816823642517137,0.798611105683177,0.780398568849217,0.762186032015257
"141",0.743237864835336,0.815795223973779,0.797655884189168,0.779516544404558,0.761377204619947
"142",0.742504538689897,0.814770026725676,0.796703654716731,0.778637282707786,0.760570910698841
"143",0.741773505935803,0.813748035661496,0.795754403230073,0.777760770798649,0.759767138367226
"144",0.741044755831385,0.812729235764275,0.794808115781052,0.77688699579783,0.758965875814607
"145",0.740318277701948,0.811713612110684,0.7938647785085,0.776015944906316,0.758167111304132
"146",0.739594060939254,0.810701149870301,0.792924377637539,0.775147605404778,0.757370833172016
"147",0.738872095001005,0.809691834304888,0.791986899478917,0.774281964652946,0.756577029826976
"148",0.73815236941033,0.808685650767675,0.791052330428339,0.773419010089002,0.755785689749666
"149",0.737434873755279,0.807682584702654,0.790120656965811,0.772558729228967,0.754996801492123
"150",0.736719597688324,0.806682621643876,0.789191865654988,0.7717011096661,0.754210353677212
"151",0.736006530925855,0.805685747214752,0.788265943142528,0.770846139070304,0.753426334998079
"152",0.735295663247693,0.804691947127371,0.787342876157452,0.769993805187532,0.752644734217612
"153",0.734586984496599,0.803701207181813,0.786422651510509,0.769144095839206,0.751865540167902
"154",0.733880484577792,0.80271351326547,0.78550525609355,0.768296998921631,0.751088741749711
"155",0.733176153458466,0.801728851352383,0.784590676878904,0.767452502405425,0.750314327931946
"156",0.732473981167321,0.800747207502573,0.78367890091876,0.766610594334947,0.749542287751134
"157",0.731773957794086,0.799768567861384,0.78276991534456,0.765771262827735,0.748772610310911
"158",0.731076073489058,0.798792918658832,0.781863707366389,0.764934496073945,0.748005284781502
"159",0.730380318462636,0.797820246208959,0.780960264272378,0.764100282335797,0.747240300399217
"160",0.729686682984866,0.796850536909191,0.78005957342811,0.763268609947029,0.746477646465948
"161",0.728995157384988,0.795883777239709,0.779161622276029,0.762439467312349,0.745717312348668
"162",0.728305732050982,0.794919953762815,0.778266398334857,0.761612842906899,0.74495928747894
"163",0.727618397429127,0.793959053122313,0.777373889199016,0.76078872527572,0.744203561352424
"164",0.726933144023561,0.793001062042888,0.776484082538057,0.759967103033225,0.743450123528393
"165",0.726249962395837,0.792045967329503,0.775596966096086,0.75914796486267,0.742698963629253
"166",0.725568843164495,0.791093755866782,0.77471252769121,0.758331299515639,0.741950071340067
"167",0.724889777004634,0.790144414618418,0.773830755214972,0.757517095811526,0.74120343640808
"168",0.72421275464748,0.789197930626577,0.772951636631803,0.756705342637029,0.740459048642255
"169",0.723537766879971,0.788254291011303,0.77207515997847,0.755896028945637,0.739716897912804
"170",0.722864804544335,0.787313482969941,0.771201313363539,0.755089143757138,0.738976974150736
"171",0.722193858537676,0.786375493776552,0.770330084966833,0.754284676157114,0.738239267347395
"172",0.721524919811567,0.785440310781344,0.7694614630389,0.753482615296455,0.737503767554011
"173",0.720857979371638,0.7845079214101,0.768595435900485,0.752682950390869,0.736770464881253
"174",0.720193028277177,0.783578313163616,0.767731991942006,0.751885670720397,0.736039349498787
"175",0.719530057640731,0.782651473617141,0.766871119623038,0.751090765628936,0.735310411634833
"176",0.718869058627705,0.781727390419826,0.766012807471796,0.750298224523765,0.734583641575735
"177",0.718210022455975,0.780806051294173,0.765157044084624,0.749508036875074,0.733859029665524
"178",0.717552940395495,0.779887444035493,0.764303818125493,0.748720192215494,0.733136566305494
"179",0.716897803767915,0.778971556511364,0.763453118325502,0.74793468013964,0.732416241953777
"180",0.716244603946198,0.778058376661102,0.762604933482376,0.74715149030365,0.731698047124924
"181",0.715593332354237,0.777147892495227,0.76175925245998,0.746370612424732,0.730981972389484
"182",0.714943980466487,0.77624009209494,0.760916064187827,0.745592036280714,0.7302680083736
"183",0.714296539807588,0.775334963611603,0.760075357660599,0.744815751709596,0.729556145758592
"184",0.713651001951997,0.774432495266225,0.759237121937668,0.744041748609111,0.728846375280554
"185",0.713007358523623,0.773532675348946,0.758401346142615,0.743270016936284,0.728138687729954
"186",0.712365601195466,0.772635492218537,0.757568019462769,0.742500546707001,0.727433073951234
"187",0.711725721689255,0.771740934301894,0.756737131148734,0.741733327995574,0.726729524842415
"188",0.711087711775095,0.770848990093541,0.755908670513929,0.740968350934318,0.726028031354707
"189",0.710451563271112,0.769959648155137,0.755082626934131,0.740205605713125,0.725328584492118
"190",0.709817268043105,0.769072897114987,0.754258989847017,0.739445082579046,0.724631175311075
"191",0.709184818004197,0.768188725667559,0.753437748751719,0.738686771835878,0.723935794920038
"192",0.708554205114494,0.767307122573,0.752618893208373,0.737930663843747,0.723242434479121
"193",0.707925421380744,0.766428076656661,0.751802412837682,0.737176749018702,0.722551085199723
"194",0.707298458855994,0.765551576808629,0.75098829732047,0.736425017832311,0.721861738344153
"195",0.706673309639265,0.764677611983251,0.750176536397255,0.735675460811258,0.721174385225262
"196",0.706049965875211,0.763806171198678,0.749367119867811,0.734928068536945,0.720489017206078
"197",0.705428419753795,0.7629372435364,0.748560037590749,0.734182831645097,0.719805625699446
"198",0.704808663509961,0.762070818140791,0.747755279483084,0.733439740825376,0.719124202167668
"199",0.704190689423311,0.761206884218658,0.746952835519821,0.732698786820985,0.718444738122148
"200",0.703574489817784,0.760345431038793,0.746152695733541,0.731959960428289,0.717767225123037
"201",0.702960057061341,0.759486447931526,0.74535485021398,0.731223252496434,0.717091654778887
"202",0.702347383565644,0.758629924288289,0.744559289107627,0.730488653926966,0.716418018746305
"203",0.70173646178575,0.757775849561173,0.743766002617317,0.729756155673461,0.715746308729606
"204",0.701127284219796,0.756924213262502,0.742974981001825,0.729025748741149,0.715076516480473
"205",0.700519843408698,0.756075004964398,0.742186214575473,0.728297424186548,0.714408633797623
"206",0.699914131935838,0.755228214298361,0.74139969370773,0.727571173117099,0.713742652526469
"207",0.699310142426771,0.754383830954839,0.740615408822822,0.726846986690805,0.713078564558788
"208",0.698707867548921,0.753541844682819,0.739833350399345,0.72612485611587,0.712416361832395
"209",0.698107300011283,0.752702245289405,0.739053508969875,0.725404772650344,0.711756036330814
"210",0.697508432564133,0.75186502263941,0.738275875120591,0.724686727601772,0.711097580082953
"211",0.696911257998734,0.751030166654947,0.737500439490894,0.723970712326841,0.710440985162787
"212",0.696315769147046,0.750197667315025,0.73672719277303,0.723256718231036,0.709786243689041
"213",0.695721958881441,0.749367514655148,0.735956125711721,0.722544736768294,0.709133347824867
"214",0.695129820114415,0.748539698766919,0.735187229103793,0.721834759440667,0.708482289777541
"215",0.694539345798313,0.747714209797642,0.73442049379781,0.721126777797978,0.707833061798146
"216",0.693950528925043,0.746891037949935,0.733655910693712,0.720420783437489,0.707185656181266
"217",0.693363362525799,0.746070173481341,0.732893470742455,0.71971676800357,0.706540065264684
"218",0.692777839670791,0.745251606703942,0.732133164945654,0.719014723187366,0.705896281429079
"219",0.692193953468968,0.74443532798398,0.731374984355227,0.718314640726474,0.705254297097721
"220",0.691611697067748,0.743621327741478,0.730618920073046,0.717616512404613,0.704614104736181
"221",0.691031063652753,0.742809596449868,0.729864963250589,0.716920330051311,0.703975696852032
"222",0.690452046447539,0.742000124635614,0.729113105088595,0.716226085541576,0.703339065994558
"223",0.689874638713335,0.741192902877847,0.728363336836719,0.715533770795591,0.702704204754463
"224",0.689298833748783,0.740387921808,0.727615649793196,0.714843377778392,0.702071105763587
"225",0.688724624889673,0.739585172109444,0.726870035304501,0.714154898499559,0.701439761694616
"226",0.688152005508693,0.738784644517129,0.72612648476502,0.713468325012911,0.700810165260802
"227",0.687580969015169,0.737986329817227,0.725384989616712,0.712783649416198,0.700182309215684
"228",0.687011508854814,0.73719021884678,0.724645541348788,0.712100863850797,0.699556186352805
"229",0.686443618509477,0.736396302493348,0.723908131497381,0.711419960501413,0.698931789505445
"230",0.685877291496894,0.735604571694664,0.723172751645221,0.710740931595779,0.698309111546337
"231",0.685312521370444,0.734815017438282,0.722439393421323,0.710063769404363,0.697688145387403
"232",0.684749301718898,0.734027630761246,0.721708048500659,0.709388466240072,0.697068883979485
"233",0.684187626166185,0.733242402749741,0.720978708603852,0.708715014457963,0.696451320312074
"234",0.683627488371143,0.732459324538762,0.720251365496857,0.708043406454952,0.695835447413047
"235",0.683068882027286,0.731678387311778,0.719526010990655,0.707373634669532,0.695221258348409
"236",0.682511800862567,0.730899582300404,0.718802636940945,0.706705691581485,0.694608746222026
"237",0.681956238639138,0.730122900784069,0.718081235247836,0.706039569711604,0.693997904175371
"238",0.681402189153126,0.729348334089693,0.717361797855551,0.705375261621409,0.693388725387267
"239",0.680849646234392,0.728575873591364,0.716644316752121,0.704712759912878,0.692781203073635
"240",0.68029860374631,0.727805510710016,0.715928783969089,0.704052057228163,0.692175330487236
"241",0.679749055585537,0.727037236913114,0.71521519158122,0.703393146249325,0.691571100917431
"242",0.679200995681786,0.726271043714338,0.7145035317062,0.702736019698062,0.690968507689924
"243",0.678654417997605,0.725506922673269,0.713793796504353,0.702080670335437,0.690367544166521
"244",0.678109316528154,0.724744865395081,0.713085978178349,0.701427090961617,0.689768203744886
"245",0.677565685300985,0.723984863530233,0.712380068972921,0.700775274415609,0.689170479858297
"246",0.677023518375825,0.723226908774163,0.711676061174579,0.700125213574994,0.68857436597541
"247",0.676482809844358,0.722470992866989,0.710973947111331,0.699476901355674,0.687979855600016
"248",0.675943553830013,0.721717107593203,0.710273719152405,0.698830330711608,0.687386942270811
"249",0.675405744487748,0.720965244781378,0.709575369707971,0.698185494634563,0.686795619561155
"250",0.674869376003839,0.720215396303874,0.708878891228865,0.697542386153856,0.686205881078848
"251",0.674334442595674,0.719467554076539,0.708184276206323,0.696900998336107,0.68561772046589
"252",0.673800938511542,0.718721710058424,0.707491517171704,0.696261324284983,0.685031131398263
"253",0.673268858030428,0.717977856251494,0.706800606696227,0.695623357140961,0.684446107585694
"254",0.672738195461807,0.717235984700337,0.706111537390705,0.694987090081072,0.68386264277144
"255",0.672208945145445,0.71649608749189,0.705424301905279,0.694352516318667,0.683280730732056
"256",0.671681101451192,0.715758156755149,0.704738892929159,0.69371962910317,0.682700365277181
"257",0.671154658778787,0.715022184660892,0.704055303190365,0.693088421719839,0.682121540249313
"258",0.67062961155766,0.714288163421405,0.703373525455468,0.692458887489532,0.681544249523596
"259",0.67010595424673,0.713556085290205,0.702693552529337,0.691831019768468,0.680968487007599
"260",0.669583681334219,0.712825942561769,0.702015377254882,0.691204811947994,0.680394246641106
"261",0.669062787337449,0.71209772757126,0.701338992512807,0.690580257454354,0.679821522395902
"262",0.668543266802658,0.711371432694263,0.700664391221362,0.68995734974846,0.679250308275559
"263",0.668025114304804,0.710647050346517,0.699991566336089,0.689336082325661,0.678680598315232
"264",0.667508324447381,0.709924572983652,0.699320510849584,0.688716448715517,0.678112386581449
"265",0.666992891862228,0.709203993100925,0.698651217791251,0.688098442481576,0.677545667171902
"266",0.666478811209343,0.708485303232963,0.697983680227058,0.687482057221153,0.676980434215248
"267",0.665966077176704,0.707768495953501,0.697317891259302,0.686867286565102,0.676416681870903
"268",0.665454684480077,0.707053563875133,0.696653844026369,0.686254124177605,0.675854404328841
"269",0.664944627862843,0.70634049964905,0.695991531702498,0.685642563755947,0.675293595809395
"270",0.664435902095814,0.705629295964795,0.69533094749755,0.685032599030305,0.674734250563059
"271",0.663928501977053,0.70491994555001,0.694672084656771,0.684424223763531,0.674176362870292
"272",0.6634224223317,0.704212441170187,0.694014936460565,0.683817431750944,0.673619927041322
"273",0.662917658011793,0.703506775628427,0.693359496224268,0.68321221682011,0.673064937415951
"274",0.662414203896096,0.702802941765188,0.692705757297915,0.682608572830642,0.672511388363369
"275",0.661912054889924,0.702100932458052,0.69205371306602,0.682006493673988,0.671959274281956
"276",0.661411205924972,0.701400740621478,0.691403356947351,0.681405973273225,0.671408589599098
"277",0.660911651959145,0.700702359206566,0.69075468239471,0.680807005582855,0.670859328771
"278",0.660413387976387,0.70000578120082,0.690107682894712,0.680209584588603,0.670311486282495
"279",0.659916408986515,0.699310999627914,0.689462351967564,0.679613704307215,0.669765056646865
"280",0.659420710025051,0.69861800754746,0.688818683166858,0.679019358786256,0.669220034405654
"281",0.658926286153059,0.697926798054773,0.688176670079345,0.678426542103916,0.668676414128487
"282",0.658433132456976,0.697237364280648,0.68753630632473,0.677835248368812,0.668134190412894
"283",0.657941244048455,0.696549699391124,0.686897585555456,0.677245471719789,0.667593357884122
"284",0.657450616064201,0.695863796587266,0.6862605014565,0.676657206325733,0.667053911194967
"285",0.656961243665809,0.695179649104938,0.685625047745156,0.676070446385374,0.666515845025591
"286",0.65647312203961,0.694497250214579,0.684991218170836,0.675485186127094,0.665979154083352
"287",0.655986246396505,0.693816593220985,0.684359006514865,0.674901419808745,0.665443833102625
"288",0.655500611971818,0.693137671463088,0.683728406590271,0.674319141717453,0.664909876844635
"289",0.655016214025132,0.692460478313741,0.683099412241589,0.673738346169437,0.664377280097284
"290",0.654533047840141,0.6917850071795,0.68247201734466,0.67315902750982,0.663846037674981
"291",0.654051108724493,0.691111251500411,0.681846215806431,0.672581180112452,0.663316144418472
"292",0.653570392009641,0.690439204749796,0.681222001564758,0.672004798379719,0.66278759519468
"293",0.653090893050689,0.689768860434048,0.680599368588209,0.671429876742369,0.662260384896529
"294",0.652612607226247,0.689100212092414,0.679978310875872,0.670856409659331,0.661734508442789
"295",0.652135529938276,0.688433253296793,0.679358822457164,0.670284391617534,0.661209960777905
"296",0.651659656611946,0.687767977651527,0.678740897391632,0.669713817131737,0.660686736871842
"297",0.651184982695491,0.687104378793199,0.678124529768772,0.669144680744345,0.660164831719918
"298",0.650711503660056,0.686442450390427,0.677509713707834,0.668576977025242,0.659644240342649
"299",0.650239214999562,0.685782186143667,0.676896443357641,0.668010700571614,0.659124957785588
"300",0.649768112230557,0.685123579785008,0.676284712896395,0.667445846007783,0.65860697911917
"301",0.649298190892077,0.684466625077979,0.675674516531503,0.666882407985028,0.658090299438553
"302",0.648829446545504,0.683811315817347,0.675065848499386,0.666320381181426,0.657574913863465
"303",0.648361874774427,0.683157645828926,0.674458703065301,0.665759760301676,0.657060817538052
"304",0.647895471184503,0.682505608969379,0.67385307452316,0.665200540076941,0.656548005630722
"305",0.647430231403317,0.68185519912603,0.673248957195352,0.664642715264674,0.656036473333995
"306",0.646966151080252,0.68120641021667,0.672646345432566,0.664086280648461,0.655526215864356
"307",0.646503225886345,0.680559236189368,0.672045233613612,0.663531231037856,0.655017228462101
"308",0.646041451514158,0.679913671022281,0.67144561614525,0.66297756126822,0.654509506391189
"309",0.645580823677644,0.679269708723473,0.670847487462016,0.662425266200558,0.654003044939101
"310",0.645121338112011,0.678627343330722,0.670250842026044,0.661874340721367,0.653497839416689
"311",0.644662990573594,0.677986568911342,0.669655674326905,0.661324779742468,0.652993885158031
"312",0.644205776839722,0.677347379561999,0.66906197888143,0.66077657820086,0.652491177520291
"313",0.643749692708589,0.676709769408526,0.668469750233541,0.660229731058557,0.651989711883573
"314",0.643294733999128,0.676073732605747,0.667878982954092,0.659684233302438,0.651489483650783
"315",0.642840896550879,0.675439263337298,0.667289671640693,0.659140079944088,0.650990488247483
"316",0.642388176223862,0.674806355815449,0.666701810917552,0.658597266019655,0.650492721121759
"317",0.641936568898456,0.674175004280927,0.666115395435309,0.658055786589692,0.649996177744074
"318",0.641486070475271,0.673545203002743,0.665530419870875,0.657515636739007,0.649500853607139
"319",0.641036676875023,0.672916946278017,0.664946878927269,0.65697681157652,0.649006744225772
"320",0.640588384038411,0.672290228431809,0.664364767333459,0.65643930623511,0.648513845136761
"321",0.640141187925998,0.671665043816943,0.663784079844207,0.65590311587147,0.648022151898734
"322",0.639695084518086,0.671041386813841,0.663204811239903,0.655368235665964,0.647531660092025
"323",0.639250069814597,0.670419251830357,0.662626956326417,0.654834660822477,0.647042365318537
"324",0.638806139834953,0.669798633301601,0.662050509934939,0.654302386568277,0.646554263201615
"325",0.63836329061796,0.669179525689785,0.661475466921829,0.653771408153872,0.646067349385916
"326",0.637921518221685,0.668561923484047,0.660901822168456,0.653241720852866,0.645581619537275
"327",0.637480818723343,0.667945821200295,0.660329570581057,0.652713319961819,0.645097069342581
"328",0.63704118821918,0.667331213381042,0.659758707090577,0.652186200800111,0.644613694509645
"329",0.636602622824358,0.666718094595246,0.659189226652524,0.651660358709802,0.64413149076708
"330",0.636165118672839,0.666106459438148,0.65862112424682,0.651135789055493,0.643650453864166
"331",0.635728671917273,0.665496302531113,0.658054394877653,0.650612487224193,0.643170579570733
"332",0.635293278728885,0.664887618521476,0.657489033573329,0.650090448625181,0.642691863677033
"333",0.634858935297363,0.664280402082384,0.656925035386129,0.649569668689874,0.642214301993619
"334",0.634425637830746,0.663674647912636,0.656362395392163,0.649050142871691,0.641737890351219
"335",0.633993382555315,0.663070350736535,0.65580110869123,0.648531866645925,0.64126262460062
"336",0.633562165715481,0.662467505303732,0.655241170406669,0.648014835509606,0.640788500612544
"337",0.63313198357368,0.661866106389075,0.654682575685226,0.647499044981377,0.640315514277528
"338",0.632702832410261,0.661266148792455,0.654125319696907,0.646984490601358,0.63984366150581
"339",0.632274708523384,0.660667627338661,0.653569397634841,0.646471167931022,0.639372938227203
"340",0.631847608228906,0.660070536877227,0.653014804715146,0.645959072553066,0.638903340390986
"341",0.631421527860283,0.659474872282286,0.652461536176785,0.645448200071284,0.638434863965784
"342",0.63099646376846,0.658880628452424,0.651909587281433,0.644938546110442,0.637967504939451
"343",0.630572412321769,0.658287800310533,0.651358953313342,0.644430106316151,0.63750125931896
"344",0.630149369905826,0.657696382803667,0.650809629579207,0.643922876354747,0.637036123130287
"345",0.629727332923426,0.657106370902899,0.650261611408031,0.643416851913163,0.636572092418294
"346",0.629306297794443,0.656517759603177,0.649714894150994,0.64291202869881,0.636109163246627
"347",0.628886260955729,0.655930543923183,0.64916947318132,0.642408402439456,0.635647331697592
"348",0.628467218861011,0.655344718905194,0.648625343894148,0.641905968883102,0.635186593872057
"349",0.628049167980794,0.654760279614941,0.648082501706404,0.641404723797868,0.634726945889331
"350",0.627632104802262,0.65417722114147,0.647540942056668,0.640904662971866,0.634268383887064
"351",0.627216025829175,0.653595538597006,0.647000660405048,0.640405782213091,0.633810904021133
"352",0.626800927581779,0.653015227116815,0.646461652233056,0.639908077349297,0.633354502465538
"353",0.626386806596702,0.652436281859071,0.645923913043478,0.639411544227886,0.632899175412294
"354",0.62597365942686,0.651858698004715,0.645387438360251,0.638916178715787,0.632444919071324
"355",0.625561482641364,0.65128247075733,0.644852223728338,0.638421976699347,0.631991729670355
"356",0.625150272825421,0.650707595343001,0.644318264713606,0.637928934084211,0.631539603454816
"357",0.624740026580242,0.650134067010189,0.643785556902702,0.637437046795216,0.631088536687729
"358",0.624330740522948,0.649561881029594,0.643254095902933,0.636946310776271,0.63063852564961
"359",0.623922411286477,0.64899103269403,0.642723877342142,0.636456721990253,0.630189566638365
"360",0.623515035519491,0.648421517318293,0.642194896868592,0.635968276418892,0.629741655969191
"361",0.623108609886285,0.647853330239035,0.641667150150847,0.63548097006266,0.629294789974472
"362",0.622703131066695,0.647286466814634,0.641140632877649,0.634994798940664,0.62884896500368
"363",0.622298595756011,0.64672092242507,0.640615340757805,0.634509759090541,0.628404177423276
"364",0.621895000664882,0.6461566924718,0.640091269520071,0.634025846568341,0.627960423616612
"365",0.62149234251923,0.64559377237763,0.63956841491303,0.63354305744843,0.62751769998383
"366",0.621090618060162,0.645032157586595,0.639046772704987,0.633061387823379,0.62707600294177
"367",0.62068982404388,0.644471843563832,0.638526338683844,0.632580833803856,0.626635328923868
"368",0.620289957241594,0.643912825795462,0.638007108656995,0.632101391518528,0.626195674380061
"369",0.619891014439437,0.643355099788467,0.63748907845121,0.631623057113952,0.625757035776695
"370",0.619492992438379,0.642798661070569,0.636972243912522,0.631145826754474,0.625319409596427
"371",0.619095888054138,0.642243505190113,0.636456600906119,0.630669696622125,0.624882792338131
"372",0.618699698117098,0.641689627715944,0.635942145316232,0.630194662916521,0.62444718051681
"373",0.618304419472227,0.641137024237292,0.635428873046026,0.629720721854759,0.624012570663493
"374",0.617910048978985,0.640585690363656,0.634916780017488,0.629247869671321,0.623578959325153
"375",0.617516583511252,0.640035621724685,0.634405862171327,0.628776102617968,0.62314634306461
"376",0.617124019957235,0.639486813970064,0.633896115466857,0.628305416963649,0.622714718460442
"377",0.616732355219392,0.638939262769399,0.633387535881897,0.627835808994396,0.622284082106894
"378",0.616341586214351,0.638392963812103,0.632880119412665,0.627367275013227,0.621854430613789
"379",0.615951709872825,0.637847912807283,0.632373862073668,0.626899811340054,0.62142576060644
"380",0.615562723139534,0.637304105483627,0.631868759897604,0.626433414311581,0.620998068725558
"381",0.615174622973126,0.636761537589296,0.631364808935253,0.625968080281211,0.620571351627169
"382",0.614787406346096,0.636220204891806,0.630862005255378,0.625503805618951,0.620145605982524
"383",0.614401070244708,0.635680103177925,0.630360344944621,0.625040586711317,0.619720828478013
"384",0.614015611668917,0.635141228253561,0.6298598241074,0.624578419961239,0.619297015815078
"385",0.613631027632292,0.634603575943652,0.629360438865812,0.624117301787972,0.618874164710132
"386",0.613247315161936,0.63406714209206,0.628862185359529,0.623657228626998,0.618452271894467
"387",0.612864471298413,0.633531922561463,0.628365059745701,0.623198196929938,0.618031334114176
"388",0.612482493095671,0.632997913233251,0.627869058198856,0.622740203164461,0.617611348130066
"389",0.612101377620963,0.632465110007416,0.627374176910803,0.62228324381419,0.617192310717577
"390",0.611721121954778,0.631933508802451,0.626880412090533,0.621827315378615,0.616774218666697
"391",0.611341723190762,0.631403105555244,0.626387759964124,0.621372414373003,0.616357068781882
"392",0.610963178435644,0.630873896220974,0.625896216774642,0.620918537328309,0.615940857881976
"393",0.610585484809164,0.63034587677301,0.625405778782048,0.620465680791087,0.615525582800125
"394",0.610208639444001,0.629819043202807,0.624916442263105,0.620013841323404,0.615111240383702
"395",0.609832639485697,0.629293391519805,0.624428203511278,0.619563015502751,0.614697827494224
"396",0.609457482092589,0.628768917751331,0.623941058836645,0.61911319992196,0.614285341007274
"397",0.609083164435734,0.628245617942493,0.623455004565803,0.618664391189113,0.613873777812423
"398",0.608709683698838,0.627723488156087,0.622970037041775,0.618216585927463,0.61346313481315
"399",0.60833703707819,0.627202524472494,0.622486152623918,0.617769780775342,0.613053408926766
"400",0.607965221782585,0.626682722989584,0.622003347687834,0.617323972386084,0.612644597084335
"401",0.607594235033259,0.626164079822616,0.621521618625277,0.616879157427938,0.612236696230599
"402",0.60722407406382,0.625646591104147,0.621040961844065,0.616435332583984,0.611829703323902
"403",0.606854736120176,0.625130252983927,0.620561373767989,0.615992494552051,0.611423615336114
"404",0.606486218460468,0.624615061628813,0.620082850836727,0.61555064004464,0.611018429252554
"405",0.606118518355003,0.624101013222666,0.61960538950575,0.615109765788835,0.610614142071919
"406",0.605751633086188,0.623588103966263,0.619128986246245,0.614669868526226,0.610210750806207
"407",0.60538555994846,0.6230763300772,0.618653637545015,0.61423094501283,0.609808252480645
"408",0.605020296248219,0.622565687789799,0.618179339904404,0.613792992019009,0.609406644133614
"409",0.604655839303767,0.622056173355017,0.617706089842205,0.613356006329392,0.60900592281658
"410",0.604292186445236,0.621547783040355,0.617233883891575,0.612919984742795,0.608606085594016
"411",0.603929335014528,0.621040513129763,0.616762718600954,0.612484924072145,0.608207129543336
"412",0.603567282365246,0.620534359923553,0.616292590533977,0.6120508211444,0.607809051754823
"413",0.603206025862635,0.62002931973831,0.615823496269392,0.611617672800473,0.607411849331554
"414",0.602845562883511,0.619525388906799,0.615355432400977,0.611185475895155,0.607015519389333
"415",0.602485890816204,0.619022563777877,0.614888395537459,0.610754227297041,0.606620059056622
"416",0.602127007060491,0.618520840716408,0.614422382302429,0.61032392388845,0.606225465474471
"417",0.601768909027536,0.618020216103172,0.613957389334263,0.609894562565354,0.605831735796445
"418",0.601411594139824,0.617520686334779,0.61349341328604,0.609466140237301,0.605438867188563
"419",0.601055059831104,0.617022247823583,0.613030450825463,0.609038653827343,0.605046856829223
"420",0.600699303546323,0.616524896997595,0.612568498634777,0.608612100271959,0.604655701909141
"421",0.600344322741568,0.616028630300401,0.612107553410693,0.608186476520985,0.604265399631276
"422",0.599990114884006,0.615533444191072,0.611647611864306,0.607761779537539,0.603875947210772
"423",0.599636677451818,0.615039335144085,0.611188670721018,0.607338006297952,0.603487341874885
"424",0.599284007934149,0.614546299649233,0.610730726720462,0.606915153791691,0.60309958086292
"425",0.598932103831037,0.614054334211549,0.610273776616421,0.606493219021293,0.602712661426165
"426",0.598580962653364,0.61356343535122,0.609817817176756,0.606072199002292,0.602326580827828
"427",0.598230581922791,0.613073599603504,0.609362845183326,0.605652090763147,0.601941336342969
"428",0.597880959171703,0.612584823518649,0.608908857431912,0.605232891345176,0.601556925258439
"429",0.597532091943148,0.612097103661814,0.608455850732148,0.604814597802481,0.601173344872815
"430",0.597183977790785,0.611610436612987,0.608003821907437,0.604397207201886,0.600790592496335
"431",0.596836614278818,0.611124818966905,0.607552767794883,0.603980716622861,0.60040866545084
"432",0.596489998981948,0.610640247332973,0.607102685245216,0.60356512315746,0.600027561069704
"433",0.596144129485313,0.610156718335189,0.60665357112272,0.603150423910251,0.599647276697782
"434",0.59579900338443,0.609674228612063,0.606205422305155,0.602736615998246,0.599267809691338
"435",0.595454618285141,0.60919277481654,0.60575823568369,0.60232369655084,0.59888915741799
"436",0.595110971803559,0.60871235361592,0.60531200816283,0.601911662709739,0.598511317256649
"437",0.594768061566011,0.608232961691786,0.604866736660342,0.601500511628899,0.598134286597455
"438",0.594425885208984,0.607754595739923,0.604422418107189,0.601090240474454,0.597758062841719
"439",0.594084440379072,0.607277252470245,0.603979049447452,0.600680846424659,0.597382643401866
"440",0.593743724732919,0.606800928606718,0.603536627638268,0.600272326669819,0.597008025701369
"441",0.593403735937168,0.606325620887285,0.603095149649756,0.599864678412227,0.596634207174698
"442",0.593064471668407,0.605851326063793,0.602654612464947,0.5994578988661,0.596261185267254
"443",0.592725929613116,0.605378040901918,0.602215013079717,0.599051985257517,0.595888957435316
"444",0.592388107467613,0.604905762181091,0.601776348502722,0.598646934824352,0.595517521145983
"445",0.592051002938006,0.604434486694426,0.601338615755321,0.598242744816216,0.595146873877111
"446",0.591714613740136,0.603964211248647,0.600901811871519,0.597839412494392,0.594777013117264
"447",0.591378937599528,0.603494932664016,0.600465933897894,0.597436935131772,0.59440793636565
"448",0.591043972251339,0.60302664777426,0.60003097889353,0.5970353100128,0.594039641132069
"449",0.59070971544031,0.602559353426503,0.599596943929955,0.596634534433406,0.593672124936858
"450",0.590376164920709,0.60209304648119,0.59916382609107,0.59623460570095,0.59330538531083
"451",0.590043318456288,0.601627723812024,0.59873162247309,0.595835521134156,0.592939419795222
"452",0.589711173820227,0.601163382305889,0.598300330184473,0.595437278063058,0.592574225941642
"453",0.589379728795087,0.600700018862784,0.59786994634586,0.595039873828936,0.592209801312011
"454",0.589048981172764,0.600237630395754,0.597440468090006,0.594643305784259,0.591846143478511
"455",0.588718928754431,0.599776213830822,0.597011892561724,0.594247571292627,0.591483250023529
"456",0.5883895693505,0.599315766106918,0.596584216917813,0.593852667728709,0.591121118539605
"457",0.588060900780565,0.598856284175815,0.596157438327003,0.59345859247819,0.590759746629378
"458",0.587732920873359,0.598397765002059,0.595731553969884,0.593065342937709,0.590399131905534
"459",0.587405627466703,0.597940205562903,0.595306561038853,0.592672916514803,0.590039271990753
"460",0.587079018407461,0.597483602848241,0.594882456738046,0.592281310627851,0.589680164517656
"461",0.586753091551491,0.597027953860543,0.59445923828328,0.591890522706017,0.589321807128754
"462",0.5864278447636,0.596573255614785,0.594036902901989,0.591500550189193,0.588964197476397
"463",0.586103275917495,0.596119505138389,0.593615447833166,0.591111390527942,0.588607333222719
"464",0.585779382895739,0.595666699471157,0.593194870327302,0.590723041183448,0.588251212039593
"465",0.585456163589701,0.595214835665204,0.592775167646328,0.590335499627453,0.587895831608577
"466",0.585133615899517,0.594763910784897,0.592356337063552,0.589948763342207,0.587541189620862
"467",0.584811737734037,0.594313921906788,0.5919383758636,0.589562829820413,0.587187283777225
"468",0.584490527010786,0.593864866119556,0.591521281342364,0.589177696565171,0.586834111787979
"469",0.584169981655914,0.59341674052394,0.591105050806934,0.588793361089927,0.586481671372921
"470",0.583850099604157,0.592969542232677,0.590689681575547,0.588409820918417,0.586129960261287
"471",0.583530878798787,0.592523268370443,0.590275170977529,0.588027073584615,0.5857789761917
"472",0.583212317191569,0.592077916073786,0.589861516353232,0.587645116632678,0.585428716912124
"473",0.582894412742723,0.591633482491071,0.589448715053984,0.587263947616897,0.58507918017981
"474",0.582577163420873,0.591189964782415,0.589036764442029,0.586883564101644,0.584730363761259
"475",0.582260567203007,0.590747360119627,0.588625661890472,0.586503963661317,0.584382265432162
"476",0.581944622074434,0.590305665686149,0.58821540478322,0.586125143880292,0.584034882977363
"477",0.581629326028741,0.589864878676997,0.587805990514933,0.585747102352869,0.583688214190805
"478",0.581314677067752,0.589424996298698,0.587397416490961,0.585369836683225,0.583342256875488
"479",0.581000673201481,0.588986015769235,0.586989680127296,0.584993344485358,0.58299700884342
"480",0.580687312448097,0.588547934317986,0.586582778850514,0.584617623383042,0.582652467915569
"481",0.580374592833876,0.588110749185668,0.58617671009772,0.584242671009772,0.582308631921824
"482",0.580062512393165,0.587674457624275,0.585771471316497,0.58386848500872,0.581965498700942
"483",0.579751069168334,0.587239056897025,0.585367059964852,0.583495063032679,0.581623066100507
"484",0.579440261209744,0.586804544278299,0.58496347351116,0.583122402744022,0.581281331976883
"485",0.579130086575698,0.586370917053588,0.584560709434115,0.582750501814643,0.58094029419517
"486",0.578820543332405,0.585938172519432,0.584158765222675,0.582379357925918,0.580599950629162
"487",0.578511629553939,0.585506307983368,0.58375763837601,0.582008968768653,0.580260299161296
"488",0.578203343322199,0.58507532076387,0.583357326403452,0.581639332043035,0.579921337682617
"489",0.577895682726869,0.584645208190299,0.582957826824442,0.581270445458584,0.579583064092726
"490",0.577588645865378,0.584215967602842,0.582559137168476,0.58090230673411,0.579245476299744
"491",0.577282230842864,0.583787596352461,0.582161254975062,0.580534913597662,0.578908572220263
"492",0.576976435772129,0.583360091800836,0.58176417779366,0.580168263786482,0.578572349779305
"493",0.576671258773606,0.582933451320315,0.581367903183637,0.57980235504696,0.578236806910283
"494",0.576366697975318,0.582507672293853,0.580972428714219,0.579437185134585,0.577901941554952
"495",0.57606275151284,0.582082752114966,0.580577751964435,0.579072751813903,0.577567751663372
"496",0.575759417529261,0.581658688187674,0.580183870523071,0.578709052858468,0.577234235193865
"497",0.575456694175146,0.581235477926448,0.579790781988623,0.578346086050797,0.576901390112972
"498",0.575154579608498,0.580813118756159,0.579398483969244,0.577983849182329,0.576569214395414
"499",0.574853071994723,0.580391608112025,0.5790069740827,0.577622340053374,0.576237706024048
"500",0.574552169506588,0.579970943439558,0.578616249956315,0.577261556473073,0.57590686298983
"501",0.57425187032419,0.579551122194514,0.578226309226933,0.576901496259352,0.575576683291771
"502",0.573952172634915,0.579132141842841,0.577837149540859,0.576542157238878,0.575247164936896
"503",0.573653074633403,0.578713999860629,0.577448768553822,0.576183537247016,0.57491830594021
"504",0.573354574521514,0.578296693734057,0.577061163930921,0.575825634127785,0.57459010432465
"505",0.573056670508286,0.577880220959345,0.57667433334658,0.575468445733816,0.574262558121051
"506",0.572759360809906,0.577464579042704,0.576288274484504,0.575111969926305,0.573935665368105
"507",0.572462643649668,0.577049765500283,0.575902985037629,0.574756204574975,0.573609424112322
"508",0.572166517257946,0.576635777858123,0.575518462708078,0.574401147558034,0.57328383240799
"509",0.571870979872148,0.576222613652107,0.575134705207117,0.574046796762127,0.572958888317137
"510",0.57157602973669,0.57581027042791,0.574751710255105,0.5736931500823,0.572634589909495
"511",0.571281665102958,0.575398745740951,0.574369475581453,0.573340205421955,0.572310935262456
"512",0.570987884229272,0.574988037156346,0.573987998924577,0.572987960692809,0.571987922461041
"513",0.570694685380855,0.574578142248857,0.573607278031856,0.572636413814856,0.571665549597855
"514",0.570402066829794,0.574169058602847,0.573227310659584,0.57228556271632,0.571343814773057
"515",0.570110026855013,0.573760783812231,0.572848094572927,0.571935405333622,0.571022716094317
"516",0.56981856374223,0.573353315480431,0.572469627545881,0.571585939611331,0.570702251676781
"517",0.569527675783934,0.572946651220326,0.572091907361228,0.57123716350213,0.570382419643032
"518",0.569237361279344,0.572540788654207,0.571714931810491,0.570889074966776,0.57006321812306
"519",0.568947618534377,0.572135725413731,0.571338698693893,0.570541671974054,0.569744645254216
"520",0.568658445861618,0.571731459139874,0.57096320582031,0.570194952500746,0.569426699181182
"521",0.568369841580286,0.571327987482887,0.570588451007236,0.569848914531586,0.569109378055936
"522",0.568081804016198,0.570925308102247,0.570214432080734,0.569503556059222,0.56879268003771
"523",0.567794331501742,0.570523418666615,0.569841146875397,0.569158875084178,0.56847660329296
"524",0.567507422375843,0.57012231685379,0.569468593234303,0.568814869614817,0.56816114599533
"525",0.567221074983928,0.569722000350665,0.569096769008981,0.568471537667297,0.567846306325612
"526",0.566935287677898,0.569322466853181,0.56872567205936,0.56812887726554,0.567532082471719
"527",0.566650058816095,0.568923714066282,0.568355300253736,0.567786886441189,0.567218472628642
"528",0.566365386763271,0.568525739703876,0.567985651468724,0.567445563233573,0.566905474998422
"529",0.566081269890554,0.568128541488784,0.567616723589226,0.567104905689669,0.566593087790111
"530",0.565797706575421,0.567732117152703,0.567248514508382,0.566764911864062,0.566281309219741
"531",0.565514695201666,0.567336464436159,0.566881022127536,0.566425579818913,0.565970137510289
"532",0.565232234159367,0.566941581088468,0.566514244356192,0.566086907623917,0.565659570891642
"533",0.564950321844857,0.566547464867686,0.566148179111979,0.565748893356272,0.565349607600564
"534",0.564668956660696,0.566154113540575,0.565782824320606,0.565411535100636,0.565040245880666
"535",0.564388137015637,0.565761524882557,0.565418177915827,0.565074830949097,0.564731483982367
"536",0.564107861324596,0.565369696677669,0.565054237839401,0.564738779001132,0.564423320162864
"537",0.563828128008626,0.564978626718527,0.564691002041052,0.564403377363577,0.564115752686102
"538",0.563548935494885,0.564588312806283,0.564328468478433,0.564068624150584,0.563808779822735
"539",0.563270282216606,0.564198752750579,0.563966635117086,0.563734517483593,0.563502399850099
"540",0.562992166613068,0.563809944369513,0.563605499930402,0.563401055491291,0.563196611052179
"541",0.562714587129568,0.563421885489594,0.563245060899588,0.563068236309581,0.562891411719574
"542",0.562437542217389,0.563034573945703,0.562885316013625,0.562736058081546,0.562586800149468
"543",0.562161030333777,0.562648007581051,0.562526263269233,0.562404518957414,0.562282774645595
"544",0.561885049941906,0.562262184247142,0.562167900670833,0.562073617094524,0.561979333518215
"545",0.561609599510853,0.56187710180373,0.56181022623051,0.561743350657291,0.561676475084072
"546",0.561334677515569,0.561492758118781,0.561453237967978,0.561413717817175,0.561374197666372
"547",0.561060282436852,0.561109151068435,0.561096933910539,0.561084716752644,0.561072499594748
"548",0.560786412761316,0.560726278536964,0.560741312093052,0.56075634564914,0.560771379205228
"549",0.560513066981366,0.560344138416735,0.560386370557893,0.56042860269905,0.560470834840208
"550",0.560240243595168,0.55996272860817,0.56003210735492,0.560101486101669,0.560170864848419
"551",0.559967941106625,0.55958204701971,0.559678520541439,0.559774994063168,0.559871467584897
"552",0.559696158025347,0.559202091567774,0.559325608182168,0.559449124796561,0.559572641410954
"553",0.559424892866624,0.558822860176723,0.558973368349198,0.559123876521673,0.559274384694148
"554",0.559154144151397,0.558444350778819,0.558621799121964,0.558799247465108,0.558976695808253
"555",0.558883910406238,0.558066561314193,0.558270898587204,0.558475235860216,0.558679573133227
"556",0.558614190163315,0.557689489730803,0.557920664838931,0.558151839947059,0.558383015055187
"557",0.55834498196037,0.557313133984397,0.55757109597839,0.557829057972383,0.558087019966377
"558",0.558076284340692,0.55693749203848,0.557222190114033,0.557506888189586,0.557791586265139
"559",0.557808095853091,0.556562561864271,0.556873945361476,0.557185328858681,0.557496712355886
"560",0.55754041505187,0.556188341440674,0.556526359843473,0.556864378246272,0.557202396649071
"561",0.557273240496801,0.555814828754234,0.556179431689876,0.556544034625517,0.556908637561159
"562",0.557006570753099,0.555442021799108,0.555833159037606,0.556224296276103,0.556615433514601
"563",0.556740404391394,0.555069918577023,0.555487540030616,0.555905161484208,0.556322782937801
"564",0.556474739987709,0.554698517097245,0.555142572819861,0.555586628542477,0.556030684265093
"565",0.556209576123432,0.55432781537654,0.554798255563263,0.555268695749986,0.555739135936709
"566",0.555944911385293,0.55395781143914,0.554454586425678,0.554951361412216,0.555448136398754
"567",0.555680744365334,0.553588503316711,0.554111563578866,0.554634623841022,0.555157684103178
"568",0.555417073660892,0.553219889048311,0.553769185201456,0.554318481354601,0.554867777507747
"569",0.555153897874566,0.552851966680363,0.553427449478914,0.554002932277464,0.554578415076015
"570",0.554891215614198,0.552484734266615,0.553086354603511,0.553687974940407,0.554289595277302
"571",0.554629025492846,0.552118189868108,0.552745898774293,0.553373607680477,0.554001316586662
"572",0.55436732612876,0.551752331553143,0.552406080197047,0.553059828840952,0.553713577484856
"573",0.554106116145358,0.551387157397242,0.552066897084271,0.5527466367713,0.553426376458329
"574",0.553845394171202,0.551022665483123,0.551728347655143,0.552434029827162,0.553139711999182
"575",0.553585158839971,0.550658853900656,0.551390430135485,0.552122006370314,0.552853582605143
"576",0.553325408790444,0.55029572074684,0.551053142757741,0.551810564768642,0.552567986779543
"577",0.553066142666469,0.54993326412576,0.550716483760937,0.551499703396114,0.552282923031292
"578",0.552807359116943,0.549571482148562,0.550380451390657,0.551189420632753,0.551998389874848
"579",0.552549056795789,0.549210372933416,0.550045043899009,0.550879714864602,0.551714385830195
"580",0.55229123436193,0.548849934605484,0.549710259544595,0.550570584483707,0.551430909422818
"581",0.552033890479269,0.548490165296888,0.549376096592483,0.550262027888078,0.551147959183673
"582",0.551777023816663,0.548131063146678,0.549042553314174,0.549954043481671,0.550865533649167
"583",0.551520633047903,0.547772626300799,0.548709627987575,0.549646629674351,0.550583631361127
"584",0.551264716851687,0.54741485291206,0.548377318896967,0.549339784881874,0.550302250866781
"585",0.551009273911603,0.547057741140102,0.548045624332978,0.549033507525853,0.550021390718728
"586",0.550754302916102,0.546701289151366,0.54771454259255,0.548727796033734,0.549741049474918
"587",0.550499802558475,0.546345495119062,0.547384071978915,0.548422648838768,0.549461225698622
"588",0.550245771536835,0.545990357223137,0.547054210801562,0.548118064379986,0.54918191795841
"589",0.549992208554091,0.545635873650247,0.546724957376208,0.547814041102169,0.54890312482813
"590",0.549739112317928,0.54528204259372,0.546396310024772,0.547510577455824,0.548624844886876
"591",0.549486481540784,0.544928862253534,0.546068267075347,0.547207671897159,0.548347076718972
"592",0.549234314939828,0.544576330836278,0.545740826862165,0.546905322888053,0.548069818913941
"593",0.54898261123694,0.544224446555125,0.545413987725579,0.546603528896033,0.547793070066487
"594",0.548731369158687,0.543873207629806,0.545087748012026,0.546302288394246,0.547516828776466
"595",0.548480587436302,0.543522612286571,0.544762106074004,0.546001599861436,0.547241093648869
"596",0.548230264805665,0.543172658758168,0.544437060270043,0.545701461781917,0.546965863293791
"597",0.547980400007279,0.542823345283809,0.544112608964676,0.545401872645544,0.546691136326412
"598",0.547730991786252,0.542474670109138,0.543788750528416,0.545102830947695,0.546416911366973
"599",0.54748203889227,0.542126631486208,0.543465483337723,0.544804335189239,0.546143187040754
"600",0.547233540079583,0.541779227673447,0.543142805774981,0.544506383876515,0.545869961978049
"601",0.546985494106981,0.54143245693563,0.542820716228468,0.544208975521306,0.545597234814143
"602",0.546737899737773,0.541086317543852,0.542499213092332,0.543912108640812,0.545325004189293
"603",0.546490755739767,0.540740807775495,0.542178294766563,0.543615781757631,0.545053268748699
"604",0.54624406088525,0.540395925914205,0.541857959656967,0.543319993399728,0.544782027142489
"605",0.545997813950967,0.54005167024986,0.541538206175137,0.543024742100414,0.544511278025691
"606",0.545752013718102,0.539708039078541,0.541219032738431,0.542730026398321,0.544241020058212
"607",0.545506658972255,0.539365030702506,0.540900437769943,0.54243584483738,0.543971251904818
"608",0.545261748503426,0.539022643430162,0.540582419698478,0.542142195966794,0.54370197223511
"609",0.545017281105991,0.538680875576037,0.540264976958525,0.541849078341014,0.543433179723502
"610",0.544773255578686,0.53833972546075,0.539948107990234,0.541556490519718,0.543164873049202
"611",0.544529670724586,0.537999191410988,0.539631811239387,0.541264431067787,0.542897050896186
"612",0.544286525351082,0.537659271759473,0.539316085157376,0.540972898555278,0.54262971195318
"613",0.544043818269869,0.537319964844941,0.539000928201173,0.540681891557405,0.542362854913637
"614",0.543801548296918,0.53698126901211,0.538686338833312,0.540391408654514,0.542096478475716
"615",0.543559714252464,0.536643182611654,0.538372315521856,0.540101448432059,0.541830581342261
"616",0.543318314960982,0.536305704000179,0.53805885674038,0.539812009480581,0.541565162220781
"617",0.543077349251171,0.535968831540194,0.537745960967938,0.539523090395682,0.541300219823426
"618",0.542836815955932,0.535632563600084,0.537433626689046,0.539234689778008,0.54103575286697
"619",0.542596713912353,0.535296898554086,0.537121852393653,0.538946806233219,0.540771760072786
"620",0.542357041961688,0.53496183478226,0.536810636577117,0.538659438371974,0.540508240166831
"621",0.542117798949337,0.534627370670466,0.536499977740183,0.538372584809901,0.540245191879619
"622",0.54187898372483,0.534293504610335,0.536189874388958,0.538086244167582,0.539982613946206
"623",0.541640595141808,0.533960234999244,0.535880325034885,0.537800415070526,0.539720505106167
"624",0.541402632058005,0.533627560240295,0.535571328194723,0.53751509614915,0.539458864103577
"625",0.541165093335226,0.533295478742281,0.535262882390517,0.537230286038754,0.53919768968699
"626",0.540927977839335,0.532963988919668,0.534954986149584,0.536945983379501,0.538936980609418
"627",0.540691284440233,0.532633089192564,0.534647638004481,0.536662186816399,0.538676735628316
"628",0.540455012011839,0.532302777986701,0.534340836492985,0.53637889499927,0.538416953505555
"629",0.540219159432077,0.531973053733402,0.534034580158071,0.53609610658274,0.538157633007408
"630",0.539983725582854,0.531643914869562,0.533728867547885,0.535813820226208,0.537898772904531
"631",0.539748709350042,0.531315359837621,0.533423697215726,0.535532034593831,0.537640371971937
"632",0.539514109623464,0.530987387085539,0.533119067720021,0.535250748354502,0.537382428988983
"633",0.539279925296875,0.530659995066775,0.5328149776243,0.534969960181825,0.53712494273935
"634",0.539046155267941,0.530333182240256,0.532511425497177,0.534689668754098,0.53686791201102
"635",0.538812798438228,0.530006947070359,0.532208409912326,0.534409872754294,0.536611335596261
"636",0.538579853713181,0.529681288026885,0.531905929448459,0.534130570870033,0.536355212291607
"637",0.538347320002107,0.529356203585035,0.531603982689303,0.533851761793571,0.536099540897839
"638",0.538115196218158,0.529031692225384,0.531302568223578,0.533573444221771,0.535844320219964
"639",0.537883481278315,0.528707752433863,0.531001684644976,0.533295616856089,0.535589549067202
"640",0.537652174103371,0.528384382701728,0.530701330552139,0.533018278402549,0.53533522625296
"641",0.537421273617915,0.528061581525542,0.530401504548635,0.532741427571729,0.535081350594822
"642",0.537190778750311,0.527739347407152,0.530102205242942,0.532465063078732,0.534827920914521
"643",0.536960688432689,0.52741767885366,0.529803431248417,0.532189183643175,0.534574936037932
"644",0.536731001600921,0.527096574377407,0.529505181183286,0.531913787989164,0.534322394795043
"645",0.53650171719461,0.526776032495947,0.529207453670612,0.531638874845278,0.534070296019944
"646",0.536272834157069,0.526456051732021,0.528910247338283,0.531364442944545,0.533818638550807
"647",0.536044351435309,0.526136630613541,0.528613560818983,0.531090491024425,0.533567421229867
"648",0.535816267980021,0.525817767673562,0.528317392750177,0.530817017826792,0.533316642903407
"649",0.535588582745561,0.525499461450262,0.528021741774087,0.530544022097912,0.533066302421737
"650",0.535361294689931,0.525181710486919,0.527726606537672,0.530271502588425,0.532816398639178
"651",0.535134402774767,0.524864513331888,0.527431985692608,0.529999458053328,0.532566930414047
"652",0.53490790596532,0.524547868538581,0.527137877895266,0.52972788725195,0.532317896608635
"653",0.534681803230442,0.524231774665443,0.526844281806693,0.529456788947942,0.532069296089192
"654",0.53445609354257,0.523916230275932,0.526551196092591,0.529186161909251,0.531821127725911
"655",0.534230775877712,0.523601233938493,0.526258619423298,0.528916004908103,0.531573390392908
"656",0.534005849215428,0.523286784226544,0.525966550473765,0.528646316720986,0.531326082968207
"657",0.533781312538817,0.522972879718446,0.525674987923539,0.528377096128632,0.531079204333724
"658",0.533557164834502,0.522659518997488,0.525383930456741,0.528108341915995,0.530832753375248
"659",0.533333405092613,0.522346700651861,0.525093376762049,0.527840052872237,0.530586728982425
"660",0.533110032306772,0.522034423274642,0.524803325532675,0.527572227790707,0.53034113004874
"661",0.532887045474082,0.521722685463767,0.524513775466346,0.527304865468925,0.530095955471503
"662",0.532664443595106,0.521411485822014,0.524224725265287,0.52703796470856,0.529851204151833
"663",0.532442225673855,0.521100822956981,0.5239361736362,0.526771524315418,0.529606874994637
"664",0.532220390717774,0.520790695481066,0.523648119290243,0.52650554309942,0.529362966908597
"665",0.531998937737724,0.520481102011445,0.523360560943015,0.526240019874584,0.529119478806154
"666",0.531777865747973,0.520172041170051,0.523073497314532,0.525974953459012,0.528876409603492
"667",0.531557173766174,0.519863511583556,0.522786927129211,0.525710342674865,0.52863375822052
"668",0.531336860813357,0.51955551188335,0.522500849115851,0.525446186348353,0.528391523580855
"669",0.531116925913911,0.519248040705517,0.522215262007615,0.525182483309714,0.528149704611812
"670",0.530897368095569,0.518941096690821,0.521930164542008,0.524919232393195,0.527908300244382
"671",0.530678186389398,0.518634678484681,0.52164555546086,0.524656432437039,0.527667309413219
"672",0.530459379829779,0.518328784737154,0.52136143351031,0.524394082283466,0.527426731056623
"673",0.530240947454397,0.518023414102913,0.521077797440784,0.524132180778655,0.527186564116526
"674",0.530022888304225,0.51771856524123,0.520794646006979,0.523870726772728,0.526946807538477
"675",0.529805201423512,0.517414236815954,0.520511977967844,0.523609719119733,0.526707460271622
"676",0.529587885859764,0.517110427495492,0.52022979208656,0.523349156677628,0.526468521268696
"677",0.529370940663739,0.516807135952789,0.519948087130526,0.523089038308264,0.526229989486001
"678",0.529154364889422,0.516504360865311,0.519666861871339,0.522829362877366,0.525991863883394
"679",0.528938157594021,0.516202100915024,0.519386115084773,0.522570129254522,0.525754143424271
"680",0.528722317837948,0.515900354788374,0.519105845550768,0.522311336313161,0.525516827075554
"681",0.528506844684806,0.515599121176272,0.518826052053405,0.522052982930539,0.525279913807673
"682",0.52829173720138,0.515298398774068,0.518546733380896,0.521795067987724,0.525043402594552
"683",0.528076994457614,0.51499818628154,0.518267888325558,0.521537590369577,0.524807292413595
"684",0.527862615526608,0.514698482402869,0.517989515683804,0.521280548964738,0.524571582245673
"685",0.527648599484597,0.514399285846626,0.517711614256118,0.521023942665611,0.524336271075104
"686",0.527434945410943,0.514100595325746,0.517434182847045,0.520767770368345,0.524101357889644
"687",0.527221652388119,0.513802409557519,0.517157220265169,0.520512030972819,0.523866841680469
"688",0.527008719501695,0.513504727263563,0.516880725323096,0.520256723382629,0.523632721442162
"689",0.526796145840328,0.513207547169811,0.51660469683744,0.52000184650507,0.523398996172699
"690",0.526583930495746,0.512910868006491,0.516329133628805,0.519747399251119,0.523165664873432
"691",0.526372072562738,0.512614688508107,0.516054034521765,0.519493380535422,0.52293272654908
"692",0.526160571139139,0.512319007413423,0.515779398344852,0.519239789276281,0.52270018020771
"693",0.525949425325816,0.512023823465444,0.515505223930537,0.51898662439563,0.522468024860723
"694",0.525738634226659,0.5117291354114,0.515231510115215,0.518733884819029,0.522236259522844
"695",0.525528196948567,0.511434942002722,0.514958255739183,0.518481569475644,0.522004883212106
"696",0.525318112601431,0.511141241995035,0.514685459646634,0.518229677298233,0.521773894949832
"697",0.525108380298129,0.510848034148131,0.51441312068563,0.51797820722313,0.52154329376063
"698",0.524898999154508,0.510555317225954,0.514141237708093,0.517727158190231,0.52131307867237
"699",0.524689968289374,0.510263089996588,0.513869809569784,0.517476529142981,0.521083248716178
"700",0.524481286824477,0.50997135123223,0.513598835130292,0.517226319028354,0.520853802926416
"701",0.524272953884504,0.509680099709182,0.513328313253012,0.516976526796843,0.520624740340673
"702",0.524064968597059,0.509389334207828,0.513058242805136,0.516727151402443,0.520396059999751
"703",0.523857330092658,0.509099053512621,0.51278862265763,0.51647819180264,0.520167760947649
"704",0.523650037504714,0.508809256412063,0.512519451685226,0.516229646958388,0.519939842231551
"705",0.523443089969524,0.508519941698688,0.512250728766397,0.515981515834106,0.519712302901815
"706",0.523236486626259,0.508231108169049,0.511982452783352,0.515733797397654,0.519485142011957
"707",0.52303022661695,0.507942754623697,0.51171462262201,0.515486490620324,0.519258358618637
"708",0.522824309086478,0.507654879867166,0.511447237171994,0.515239594476822,0.51903195178165
"709",0.522618733182561,0.507367482707959,0.511180295326609,0.51499310794526,0.51880592056391
"710",0.522413498055742,0.507080561958525,0.510913795982829,0.514747030007134,0.518580264031438
"711",0.52220860285938,0.506794116435252,0.510647738041284,0.514501359647316,0.518354981253348
"712",0.522004046749633,0.506508144958442,0.510382120406239,0.514256095854037,0.518130071301835
"713",0.521799828885452,0.506222646352299,0.510116941985587,0.514011237618875,0.517905533252164
"714",0.521595948428567,0.505937619444913,0.509852201690826,0.51376678393674,0.517681366182654
"715",0.521392404543476,0.505653063068243,0.509587898437051,0.513522733805859,0.517457569174668
"716",0.521189196397431,0.505368976058101,0.509324031142933,0.513279086227766,0.517234141312599
"717",0.520986323160432,0.505085357254137,0.509060598730711,0.513035840207285,0.517011081683858
"718",0.520783784005211,0.504802205499822,0.508797600126169,0.512792994752516,0.516788389378864
"719",0.520581578107221,0.504519519642433,0.50853503425863,0.512550548874827,0.516566063491024
"720",0.520379704644629,0.504237298533038,0.508272900060936,0.512308501588834,0.516344103116731
"721",0.5201781627983,0.503955541026479,0.508011196469434,0.51206685191239,0.516122507355345
"722",0.519976951751789,0.503674245981357,0.507749922423965,0.511825598866573,0.515901275309181
"723",0.519776070691329,0.503393412260017,0.507489076867845,0.511584741475673,0.515680406083501
"724",0.519575518805819,0.503113038728533,0.507228658747855,0.511344278767176,0.515459898786498
"725",0.519375295286815,0.502833124256692,0.506968667014223,0.511104209771754,0.515239752529284
"726",0.519175399328518,0.502553667717977,0.506709100620612,0.510864533523248,0.515019966425883
"727",0.518975830127762,0.502274667989558,0.506449958524109,0.51062524905866,0.514800539593211
"728",0.518776586884007,0.501996123952269,0.506191239685203,0.510386355418138,0.514581471151072
"729",0.518577668799324,0.501718034490598,0.50593294306778,0.510147851644961,0.514362760222143
"730",0.518379075078388,0.501440398492672,0.505675067639101,0.50990973678553,0.514144405931959
"731",0.518180804928464,0.501163214850241,0.505417612369797,0.509672009889353,0.513926407408909
"732",0.517982857559399,0.500886482458663,0.505160576233847,0.509434670009031,0.513708763784215
"733",0.51778523218361,0.500610200216888,0.504903958208569,0.509197716200249,0.51349147419193
"734",0.517587928016076,0.500334367027449,0.504647757274606,0.508961147521762,0.513274537768919
"735",0.517390944274322,0.50005898179644,0.504391972415911,0.508724963035381,0.513057953654852
"736",0.517194280178416,0.499784043433508,0.504136602619735,0.508489161805962,0.512841720992189
"737",0.516997934950955,0.499509550851833,0.503881646876613,0.508253742901394,0.512625838926174
"738",0.516801907817053,0.499235502968118,0.503627104180352,0.508018705392586,0.512410306604819
"739",0.516606198004333,0.498961898702575,0.503372973528014,0.507784048353454,0.512195123178893
"740",0.516410804742918,0.498688736978905,0.503119253919908,0.507549770860911,0.511980287801914
"741",0.516215727265418,0.49841601672429,0.502865944359572,0.507315871994854,0.511765799630136
"742",0.516020964806922,0.498143736869379,0.502613043853765,0.50708235083815,0.511551657822536
"743",0.515826516604988,0.497871896348267,0.502360551412448,0.506849206476628,0.511337861540808
"744",0.515632381899632,0.497600494098491,0.502108466048776,0.506616437999062,0.511124409949347
"745",0.515438559933318,0.497329529061007,0.501856786779085,0.506384044497163,0.510911302215241
"746",0.51524504995095,0.497059000180184,0.501605512622875,0.506152025065567,0.510698537508258
"747",0.515051851199859,0.496788906403783,0.501354642602802,0.505920378801821,0.51048611500084
"748",0.514858962929797,0.49651924668295,0.501104175744662,0.505689104806374,0.510274033868086
"749",0.514666384392925,0.496250019972199,0.50085411107738,0.505458202182562,0.510062293287744
"750",0.514474114843803,0.495981225229396,0.500604447632998,0.5052276700366,0.509850892440201
"751",0.514282153539382,0.495712861415753,0.50035518444666,0.504997507477567,0.509639830508475
"752",0.514090499738993,0.495444927495806,0.500106320556603,0.504767713617399,0.509429106678196
"753",0.513899152704338,0.495177422437408,0.499857855004141,0.504538287570873,0.509218720137606
"754",0.513708111699482,0.494910345211714,0.499609786833656,0.504309228455598,0.50900867007754
"755",0.513517375990841,0.494643694793166,0.499362115092585,0.504080535392003,0.508798955691422
"756",0.513326944847173,0.494377470159481,0.499114838831404,0.503852207503327,0.50858957617525
"757",0.51313681753957,0.494111670291638,0.498867957103621,0.503624243915604,0.508380530727587
"758",0.51294699334145,0.493846294173868,0.498621468965763,0.503396643757659,0.508171818549555
"759",0.512757471528543,0.493581340793634,0.498375373477362,0.503169406161089,0.507963438844816
"760",0.512568251378886,0.493316809141626,0.498129669700941,0.502942530260256,0.507755390819571
"761",0.512379332172812,0.493052698211742,0.49788435670201,0.502716015192277,0.507547673682545
"762",0.512190713192943,0.492789007001079,0.497639433549045,0.502489860097011,0.507340286644977
"763",0.512002393724177,0.492525734509919,0.497394899313483,0.502264064117048,0.507133228920612
"764",0.511814373053682,0.492262879741714,0.497150753069706,0.502038626397698,0.50692649972569
"765",0.511626650470887,0.492000441703081,0.496906993895032,0.501813546086984,0.506720098278935
"766",0.511439225267472,0.491738419403779,0.496663620869702,0.501588822335626,0.506514023801549
"767",0.511252096737359,0.491476811856705,0.496420633076869,0.501364454297032,0.506308275517195
"768",0.511065264176703,0.491215618077878,0.496178029602584,0.50114044112729,0.506102852651997
"769",0.510878726883885,0.490954837086426,0.495935809535791,0.500916781985155,0.50589775443452
"770",0.510692484159501,0.490694467904576,0.495693971968307,0.500693476032039,0.50569298009577
"771",0.510506535306355,0.49043450955764,0.495452515994819,0.500470522431997,0.505488528869176
"772",0.510320879629448,0.490174961074005,0.495211440712865,0.500247920351726,0.505284399990587
"773",0.510135516435973,0.489915821485116,0.49497074522283,0.500025668960544,0.505080592698258
"774",0.509950445035301,0.489657089825471,0.494730428627929,0.499803767430386,0.504877106232844
"775",0.50976566473898,0.489398765132603,0.494490490034197,0.499582214935792,0.504673939837386
"776",0.509581174860717,0.489140846447073,0.494250928550484,0.499361010653895,0.504471092757306
"777",0.50939697471638,0.488883332812451,0.494011743288433,0.499140153764415,0.504268564240397
"778",0.509213063623979,0.488626223275314,0.49377293336248,0.498919643449646,0.504066353536812
"779",0.509029440903666,0.488369516885224,0.493534497889835,0.498699478894445,0.503864459899055
"780",0.508846105877722,0.488113212694726,0.493296435990475,0.498479659286224,0.503662882581973
"781",0.508663057870551,0.487857309759327,0.493058746787133,0.498260183814939,0.503461620842745
"782",0.508480296208669,0.487601807137493,0.492821429405287,0.498041051673081,0.503260673940875
"783",0.5082978202207,0.48734670389063,0.492584482973147,0.497822262055665,0.503060041138182
"784",0.508115629237362,0.487091999083079,0.49234790662165,0.49760381416022,0.502859721698791
"785",0.507933722591465,0.486837691782098,0.49211169948444,0.497385707186782,0.502659714889124
"786",0.507752099617899,0.486583781057858,0.491875860697868,0.497167940337878,0.502460019977888
"787",0.507570759653625,0.486330265983425,0.491640389400975,0.496950512818525,0.502260636236075
"788",0.50738970203767,0.486077145634753,0.491405284735482,0.496733423836212,0.502061562936941
"789",0.50720892611112,0.48582441909067,0.491170545845782,0.496516672600895,0.501862799356007
"790",0.507028431217105,0.485572085432868,0.490936171878928,0.496300258324987,0.501664344771046
"791",0.5068482167008,0.485320143745894,0.490702161984621,0.496084180223347,0.501466198462074
"792",0.50666828190941,0.485068593117135,0.490468515315204,0.495868437513273,0.501268359711341
"793",0.506488626192166,0.48481743263681,0.490235231025649,0.495653029414488,0.501070827803327
"794",0.506309248900317,0.484566661397956,0.490002308273546,0.495437955149137,0.500873602024727
"795",0.50613014938712,0.484316278496421,0.489769746219096,0.495223213941771,0.500676681664445
"796",0.505951327007833,0.484066283030851,0.489537544025097,0.495008805019342,0.500480066013588
"797",0.50577278111971,0.483816674102678,0.489305700856936,0.494794727611194,0.500283754365452
"798",0.505594511081988,0.483567450816112,0.489074215882581,0.49458098094905,0.500087746015519
"799",0.505416516255885,0.483318612278128,0.488843088272567,0.494367564267007,0.499892040261446
"800",0.505238796004589,0.483070157598456,0.488612317199989,0.494154476801523,0.499696636403056
"801",0.505061349693252,0.482822085889571,0.488381901840491,0.493941717791411,0.499501533742331
"802",0.504884176688978,0.482574396266681,0.488151841372255,0.49372928647783,0.499306731583404
"803",0.504707276360824,0.482327087847719,0.487922134975996,0.493517182104272,0.499112229232548
"804",0.504530648079785,0.482080159753331,0.487692781834945,0.493305403916558,0.498918025998171
"805",0.504354291218789,0.481833611106864,0.487463781134845,0.493093951162826,0.498724121190807
"806",0.50417820515269,0.481587441034358,0.487235132063941,0.492882823093524,0.498530514123107
"807",0.504002389258261,0.481341648664534,0.487006833812966,0.492672018961398,0.49833720410983
"808",0.503826842914186,0.481096233128788,0.486778885575137,0.492461538021487,0.498144190467836
"809",0.503651565501052,0.480851193561172,0.486551286546142,0.492251379531112,0.497951472516082
"810",0.503476556401342,0.480606529098394,0.486324035924131,0.492041542749868,0.497759049575605
"811",0.503301814999429,0.480362238879799,0.486097132909707,0.491832026939614,0.497566920969522
"812",0.503127340681568,0.480118322047367,0.485870576705917,0.491622831364468,0.497375086023018
"813",0.502953132835889,0.479874777745696,0.485644366518244,0.491413955290792,0.497183544063341
"814",0.502779190852388,0.479631605121995,0.485418501554593,0.491205397987191,0.49699229441979
"815",0.502605514122922,0.479388803326075,0.485192981025287,0.490997158724499,0.49680133642371
"816",0.502432102041203,0.479146371510339,0.484967804143055,0.490789236775771,0.496610669408487
"817",0.502258954002788,0.478904308829768,0.484742970123023,0.490581631416278,0.496420292709533
"818",0.502086069405072,0.478662614441917,0.484518478182706,0.490374341923495,0.496230205664284
"819",0.501913447647286,0.478421287506902,0.484294327541998,0.490167367577094,0.49604040761219
"820",0.501741088130482,0.47818032718739,0.484070517423163,0.489960707658936,0.495850897894709
"821",0.501568990257533,0.477939732648591,0.483847047050827,0.489754361453062,0.495661675855298
"822",0.501397153433124,0.477699503058248,0.483623915651967,0.489548328245686,0.495472740839405
"823",0.501225577063743,0.477459637586625,0.483401122455905,0.489342607325184,0.495284092194463
"824",0.501054260557676,0.477220135406502,0.483178666694296,0.489137197982089,0.495095729269882
"825",0.500883203325001,0.47698099569316,0.48295654760112,0.488932099509081,0.494907651417041
"826",0.500712404777579,0.476742217624377,0.482734764412678,0.488727311200978,0.494719857989279
"827",0.500541864329051,0.476503800380414,0.482513316367573,0.488522832354732,0.494532348341892
"828",0.500371581394825,0.476265743144009,0.482292202706713,0.488318662269417,0.494345121832121
"829",0.500201555392076,0.476028045100365,0.482071422673293,0.48811480024622,0.494158177819148
"830",0.500031785739736,0.475790705437143,0.481850975512791,0.487911245588439,0.493971515664088
"831",0.499862271858487,0.475553723344452,0.48163086047296,0.487707997601469,0.493785134729978
"832",0.499693013170755,0.475317098014837,0.481411076803817,0.487505055592796,0.493599034381776
"833",0.499524009100707,0.475080828643276,0.481191623757634,0.487302418871991,0.493413213986349
"834",0.499355259074235,0.474844914427165,0.480972500588933,0.4871000867507,0.493227672912468
"835",0.499186762518962,0.474609354566311,0.480753706554474,0.486898058542637,0.493042410530799
"836",0.499018518864226,0.474374148262923,0.480535240913249,0.486696333563575,0.4928574262139
"837",0.498850527541077,0.474139294721605,0.480317102926473,0.486494911131341,0.492672719336209
"838",0.498682787982269,0.473904793149342,0.480099291857574,0.486293790565806,0.492488289274038
"839",0.498515299622259,0.473670642755497,0.479881806972187,0.486092971188878,0.492304135405568
"840",0.498348061897193,0.473436842751797,0.479664647538146,0.485892452324495,0.492120257110844
"841",0.498181074244904,0.473203392352329,0.479447812825472,0.485692233298616,0.49193665377176
"842",0.498014336104906,0.472970290773525,0.47923130210637,0.485492313439216,0.491753324772061
"843",0.497847846918386,0.472737537234161,0.479015114655217,0.485292692076273,0.49157026949733
"844",0.497681606128198,0.472505130955341,0.478799249748555,0.48509336854177,0.491387487334984
"845",0.497515613178858,0.472273071160493,0.478583706665084,0.484894342169676,0.491204977674267
"846",0.497349867516537,0.472041357075358,0.478368484685653,0.484695612295948,0.491022739906243
"847",0.497184368589055,0.471809987927983,0.478153583093251,0.484497178258519,0.490840773423787
"848",0.497019115845874,0.47157896294871,0.477939001173001,0.484299039397292,0.490659077621583
"849",0.496854108738094,0.471348281370171,0.477724738212152,0.484101195054132,0.490477651896113
"850",0.496689346718443,0.471117942427277,0.477510793500068,0.48390364457286,0.490296495645652
"851",0.496524829241277,0.470887945357209,0.477297166328226,0.483706387299243,0.49011560827026
"852",0.496360555762569,0.470658289399412,0.477083855990201,0.48350942258099,0.489934989171779
"853",0.496196525739902,0.470428973795585,0.476870861781664,0.483312749767744,0.489754637753823
"854",0.49603273863247,0.470199997789673,0.476658183000372,0.483116368211072,0.489574553421771
"855",0.495869193901065,0.469971360627858,0.47644581894616,0.482920277264461,0.489394735582763
"856",0.495705891008074,0.469743061558551,0.476233768920932,0.482724476283313,0.489215183645693
"857",0.495542829417473,0.469515099832387,0.476022032228659,0.48252896462493,0.489035897021202
"858",0.49538000859482,0.469287474702212,0.475810608175364,0.482333741648516,0.488856875121668
"859",0.495217428007253,0.469060185423074,0.475599496069119,0.482138806715163,0.488678117361208
"860",0.495055087123477,0.468833231252224,0.475388695220037,0.48194415918785,0.488499623155663
"861",0.494892985413765,0.468606611449095,0.475178204940262,0.48174979843143,0.488321391922598
"862",0.494731122349951,0.468380325275305,0.474968024543966,0.481555723812628,0.48814342308129
"863",0.49456949740542,0.468154371994642,0.474758153347337,0.481361934700031,0.487965716052726
"864",0.494408110055108,0.467928750873061,0.474548590668573,0.481168430464085,0.487788270259596
"865",0.494246959775491,0.467703461178672,0.474339335827877,0.480975210477081,0.487611085126286
"866",0.494086046044584,0.467478502181732,0.474130388147445,0.480782274113158,0.487434160078871
"867",0.493925368341932,0.467253873154642,0.473921746951464,0.480589620748287,0.48725749454511
"868",0.493764926148607,0.467029573371933,0.473713411566102,0.48039724976027,0.487081087954439
"869",0.4936047189472,0.466805602110264,0.473505381319498,0.480205160528732,0.486904939737966
"870",0.493444746221816,0.46658195864841,0.473297655541761,0.480013352435113,0.486729049328465
"871",0.493285007458071,0.466358642267254,0.473090233564958,0.479821824862662,0.486553416160367
"872",0.493125502143083,0.466135652249783,0.472883114723108,0.479630577196433,0.486378039669758
"873",0.492966229765468,0.465912987881078,0.472676298352175,0.479439608823273,0.486202919294371
"874",0.492807189815336,0.465690648448305,0.472469783790063,0.479248919131821,0.486028054473578
"875",0.492648381784281,0.465468633240712,0.472263570376604,0.479058507512497,0.485853444648389
"876",0.492489805165383,0.465246941549615,0.472057657453557,0.478868373357499,0.485679089261441
"877",0.492331459453194,0.465025572668396,0.471852044364595,0.478678516060795,0.485504987756994
"878",0.49217334414374,0.464804525892492,0.471646730455304,0.478488935018116,0.485331139580928
"879",0.492015458734511,0.46458380051939,0.47144171507317,0.47829962962695,0.485157544180731
"880",0.491857802724457,0.464363395848619,0.471236997567578,0.478110599286538,0.484984201005497
"881",0.491700375613984,0.464143311181739,0.471032577289801,0.477921843397862,0.484811109505923
"882",0.491543176904948,0.463923545822341,0.470828453592993,0.477733361363645,0.484638269134296
"883",0.491386206100648,0.463704099076031,0.470624625832185,0.47754515258834,0.484465679344494
"884",0.491229462705823,0.46348497025043,0.470421093364278,0.477357216478127,0.484293339591975
"885",0.491072946226646,0.463266158655162,0.470217855548033,0.477169552440904,0.484121249333775
"886",0.490916656170718,0.46304766360185,0.470014911744067,0.476982159886284,0.483949408028501
"887",0.490760592047065,0.462829484404105,0.469812261314845,0.476795038225585,0.483777815136325
"888",0.490604753366129,0.462611620377524,0.469609903624675,0.476608186871827,0.483606470118978
"889",0.490449139639769,0.462394070839677,0.4694078380397,0.476421605239723,0.483435372439746
"890",0.490293750381249,0.462176835110105,0.469206063927891,0.476235292745677,0.483264521563463
"891",0.490138585105239,0.461959912510309,0.469004580659041,0.476049248807774,0.483093916956506
"892",0.489983643327803,0.461743302363745,0.46880338760476,0.475863472845774,0.482923558086789
"893",0.489828924566404,0.461527003995818,0.468602484138464,0.475677964281111,0.482753444423757
"894",0.489674428339887,0.461311016733872,0.468401869635375,0.475492722536879,0.482583575438383
"895",0.489520154168484,0.461095339907184,0.468201543472509,0.475307747037834,0.482413950603159
"896",0.489366101573805,0.46087997284696,0.468001505028671,0.475123037210383,0.482244569392093
"897",0.48921227007883,0.460664914886325,0.467801753684451,0.474938592482577,0.482075431280704
"898",0.489058659207912,0.460450165360314,0.467602288822214,0.474754412284113,0.481906535746012
"899",0.488905268486763,0.460235723605872,0.467403109826095,0.474570496046318,0.48173788226654
"900",0.488752097442456,0.460021588961842,0.467204216081995,0.474386843202149,0.481569470322303
"901",0.488599145603418,0.459807760768957,0.467005606977572,0.474203453186187,0.481401299394802
"902",0.488446412499422,0.459594238369839,0.466807281902234,0.47402032543463,0.481233368967026
"903",0.488293897661588,0.459381021108986,0.466609240247137,0.473837459385287,0.481065678523438
"904",0.488141600622373,0.459168108332771,0.466411481405172,0.473654854477572,0.480898227549973
"905",0.487989520915571,0.45895549938943,0.466214004770965,0.473472510152501,0.480731015534036
"906",0.487837658076302,0.458743193629059,0.46601680974087,0.473290425852681,0.480564041964492
"907",0.487686011641014,0.458531190403607,0.465819895712959,0.473108601022311,0.480397306331663
"908",0.487534581147474,0.458319489066867,0.465623262087019,0.472927035107171,0.480230808127322
"909",0.487383366134764,0.458108088974472,0.465426908264545,0.472745727554618,0.480064546844691
"910",0.487232366143278,0.457896989483886,0.465230833648734,0.472564677813582,0.47989852197843
"911",0.487081580714715,0.457686189954402,0.465035037644481,0.472383885334559,0.479732733024637
"912",0.486931009392076,0.457475689747131,0.464839519658367,0.472203349569603,0.47956717948084
"913",0.486780651719659,0.457265488224996,0.464644279098662,0.472023069972327,0.479401860845993
"914",0.486630507243054,0.457055584752727,0.464449315375309,0.471843045997891,0.479236776620472
"915",0.48648057550914,0.456845978696857,0.464254627899927,0.471663277102998,0.479071926306069
"916",0.486330856066076,0.456636669425708,0.4640602160858,0.471483762745892,0.478907309405984
"917",0.486181348463304,0.456427656309395,0.463866079347872,0.471304502386349,0.478742925424827
"918",0.486032052251536,0.456218938719809,0.463672217102741,0.471125495485673,0.478578773868604
"919",0.485882966982757,0.45601051603062,0.463478628768654,0.470946741506689,0.478414854244723
"920",0.485734092210214,0.455802387617265,0.463285313765502,0.47076823991374,0.478251166061977
"921",0.485585427488418,0.455594552856942,0.463092271514811,0.47058999017268,0.478087708830549
"922",0.485436972373133,0.455387011128609,0.46289950143974,0.470411991750871,0.477924482062002
"923",0.485288726421377,0.455179761812969,0.462707002965071,0.470234244117173,0.477761485269275
"924",0.485140689191414,0.454972804292474,0.462514775517209,0.470056746741944,0.477598717966679
"925",0.484992860242752,0.45476613795131,0.46232281852417,0.469879499097031,0.477436179669891
"926",0.484845239136137,0.454559762175396,0.462131131415581,0.469702500655766,0.477273869895952
"927",0.48469782543355,0.454353676352376,0.46193971362267,0.469525750892963,0.477111788163257
"928",0.484550618698202,0.454147879871615,0.461748564578262,0.469349249284909,0.476949933991555
"929",0.484403618494528,0.45394237212419,0.461557683716775,0.469172995309359,0.476788306901943
"930",0.484256824388185,0.453737152502886,0.461367070474211,0.468996988445536,0.476626906416861
"931",0.48411023594605,0.453532220402189,0.461176724288154,0.468821228174119,0.476465732060084
"932",0.483963852736208,0.45332757521828,0.460986644597762,0.468645713977244,0.476304783356726
"933",0.483817674327955,0.453123216349032,0.460796830843763,0.468470445338493,0.476144059833224
"934",0.483671700291793,0.452919143193999,0.460607282468447,0.468295421742896,0.475983561017344
"935",0.48352593019942,0.452715355154413,0.460417998915665,0.468120642676917,0.475823286438169
"936",0.483380363623734,0.452511851633181,0.460228979630819,0.467946107628458,0.475663235626096
"937",0.483235000138823,0.452308632034872,0.46004022406086,0.467771816086848,0.475503408112836
"938",0.483089839319962,0.452105695765719,0.45985173165428,0.467597767542841,0.475343803431401
"939",0.482944880743611,0.451903042233605,0.459663501861107,0.467423961488608,0.47518442111611
"940",0.482800123987407,0.451700670848067,0.459475534132902,0.467250397417737,0.475025260702572
"941",0.482655568630165,0.451498581020281,0.459287827922752,0.467077074825223,0.474866321727694
"942",0.48251121425187,0.451296772163062,0.459100382685264,0.466903993207466,0.474707603729668
"943",0.482367060433674,0.451095243690857,0.458913197876561,0.466731152062265,0.47454910624797
"944",0.482223106757891,0.450893995019738,0.458726272954276,0.466558550888814,0.474390828823353
"945",0.482079352807996,0.450693025567397,0.458539607377547,0.466386189187697,0.474232770997846
"946",0.481935798168618,0.450492334753143,0.458353200607012,0.46621406646088,0.474074932314749
"947",0.481792442425537,0.450291921997891,0.458167052104802,0.466042182211714,0.473917312318626
"948",0.481649285165681,0.450091786724161,0.457981161334541,0.465870535944921,0.473759910555301
"949",0.481506325977119,0.449891928356072,0.457795527761334,0.465699127166596,0.473602726571857
"950",0.481363564449061,0.449692346319334,0.457610150851766,0.465527955384197,0.473445759916629
"951",0.481221000171851,0.449493040041244,0.457425030073896,0.465357020106547,0.473289010139199
"952",0.481078632736965,0.449294008950682,0.457240164897253,0.465186320843823,0.473132476790394
"953",0.480936461737005,0.449095252478102,0.457055554792828,0.465015857107554,0.47297615942228
"954",0.4807944867657,0.44889677005553,0.456871199233073,0.464845628410615,0.472820057588157
"955",0.480652707417893,0.448698561116557,0.456687097691891,0.464675634267225,0.472664170842559
"956",0.480511123289548,0.448500625096333,0.456503249644637,0.464505874192941,0.472508498741244
"957",0.480369733977738,0.448302961431564,0.456319654568107,0.464336347704651,0.472353040841194
"958",0.480228539080645,0.448105569560503,0.456136311940538,0.464167054320574,0.472197796700609
"959",0.480087538197554,0.447908448922949,0.4559532212416,0.463997993560251,0.472042765878903
"960",0.479946730928853,0.447711598960237,0.455770381952391,0.463829164944545,0.471887947936699
"961",0.479806116876024,0.447515019115238,0.455587793555434,0.463660567995631,0.471733342435827
"962",0.479665695641644,0.447318708832348,0.455405455534672,0.463492202236996,0.47157894893932
"963",0.479525466829378,0.447122667557489,0.455223367375461,0.463324067193433,0.471424767011406
"964",0.479385430043977,0.446926894738097,0.455041528564567,0.463156162391037,0.471270796217507
"965",0.479245584891273,0.446731389823123,0.454859938590161,0.462988487357198,0.471117036124236
"966",0.479105930978178,0.446536152263025,0.454678596941813,0.462821041620601,0.470963486299389
"967",0.478966467912675,0.44634118150976,0.454497503110489,0.462653824711217,0.470810146311946
"968",0.478827195303821,0.446146477016785,0.454316656588544,0.462486836160303,0.470657015732062
"969",0.478688112761739,0.445952038239048,0.454136056869721,0.462320075500394,0.470504094131067
"970",0.478549219897615,0.445757864632984,0.453955703449142,0.462153542265299,0.470351381081457
"971",0.478410516323694,0.445563955656508,0.453775595823304,0.461987235990101,0.470198876156897
"972",0.478272001653279,0.445370310769012,0.453595733490079,0.461821156211145,0.470046578932212
"973",0.478133675500725,0.445176929431361,0.453416115948702,0.461655302466043,0.469894488983384
"974",0.477995537481434,0.444983811105886,0.453236742699773,0.46148967429366,0.469742605887547
"975",0.477857587211858,0.444790955256378,0.453057613245248,0.461324271234118,0.469590929222988
"976",0.477719824309486,0.444598361348087,0.452878727088437,0.461159092828786,0.469439458569136
"977",0.477582248392848,0.444406028847712,0.452700083733996,0.46099413862028,0.469288193506564
"978",0.477444859081508,0.444213957223401,0.452521682687928,0.460829408152454,0.469137133616981
"979",0.477307655996062,0.444022145944743,0.452343523457573,0.460664900970402,0.468986278483232
"980",0.477170638758133,0.443830594482763,0.452165605551606,0.460500616620448,0.468835627689291
"981",0.47703380699037,0.44363930230992,0.451987928480032,0.460336554650145,0.468685180820257
"982",0.47689716031644,0.443448268900098,0.451810491754184,0.460172714608269,0.468534937462355
"983",0.476760698361031,0.443257493728605,0.451633294886711,0.460009096044818,0.468384897202924
"984",0.476624420749841,0.443066976272166,0.451456337391585,0.459845698511004,0.468235059630422
"985",0.476488327109583,0.442876716008919,0.451279618784085,0.459682521559251,0.468085424334417
"986",0.476352417067973,0.44268671241841,0.451103138580801,0.459519564743192,0.467935990905583
"987",0.476216690253734,0.442496964981589,0.450926896299625,0.459356827617662,0.467786758935698
"988",0.476081146296588,0.442307473180802,0.450750891459749,0.459194309738695,0.467637728017642
"989",0.475945784827254,0.442118236499792,0.450575123581658,0.459032010663523,0.467488897745388
"990",0.475810605477444,0.44192925442369,0.450399592187129,0.458869929950567,0.467340267714006
"991",0.475675607879862,0.441740526439011,0.450224296799224,0.458708067159437,0.467191837519649
"992",0.475540791668199,0.441552052033651,0.450049236942288,0.458546421850925,0.467043606759562
"993",0.475406156477127,0.441363830696879,0.449874412141941,0.458384993587003,0.466895575032065
"994",0.475271701942302,0.441175861919337,0.449699821925078,0.458223781930819,0.466747741936561
"995",0.475137427700354,0.440988145193033,0.449525465819863,0.458062786446693,0.466600107073524
"996",0.47500333338889,0.440800680011334,0.449351343355723,0.457902006700112,0.466452670044501
"997",0.474869418646484,0.440613465868966,0.449177454063345,0.457741442257725,0.466305430452105
"998",0.474735683112681,0.440426502262007,0.449003797474675,0.457581092687344,0.466158387900012
"999",0.474602126427987,0.440239788687882,0.448830373122908,0.457420957557935,0.466011541992961
"1000",0.47446874823387,0.440053324645361,0.448657180542489,0.457261036439616,0.465864892336743
"1001",0.474335548172757,0.439867109634552,0.448484219269103,0.457101328903655,0.465718438538206
