"","pN(Vert)","qC","pNHoriz","qN"
"1",0,0,0,0
"2",8e-04,0.00200596800431133,0.0020079813027537,0.00200436322990789
"3",0.0016,0.00400390430469513,0.00401193061659511,0.00399749805780761
"4",0.0024,0.00599385704203652,0.00601185603768273,0.00597947178513563
"5",0.0032,0.00797587397325503,0.00800776564591787,0.00795035117654061
"6",0.004,0.00995000247512499,0.00999966750497772,0.00991020246522449
"7",0.0048,0.0119162895480505,0.0119875696623477,0.0118590913582199
"8",0.0056,0.0138747818197955,0.0139714801493539,0.0137970830416046
"9",0.0064,0.0158255255491694,0.0159514069811959,0.0157242421856547
"10",0.0072,0.0177685666296693,0.0179273581569787,0.0176406329499357
"11",0.008,0.0197039505930791,0.0198993416597454,0.0195463189883345
"12",0.0088,0.021631722613026,0.0218673654565091,0.0214413634540314
"13",0.0096,0.0235519275084951,0.0238314374982856,0.0233258290044135
"14",0.0104,0.025464609747303,0.0257915657201251,0.025199777805931
"15",0.0112,0.0273698134495302,0.0277477580411439,0.0270632715388955
"16",0.012,0.0292675823909139,0.0297000223645577,0.028916371402223
"17",0.0128,0.0311579600062006,0.031648366577712,0.0307591381181212
"18",0.0136,0.0330409893924596,0.0335927985521149,0.0325916319367222
"19",0.0144,0.0349167133123589,0.0355333261434687,0.0344139126406609
"20",0.0152,0.0367851741974012,0.0374699571917017,0.0362260395496007
"21",0.016,0.0386464141511248,0.0394026995209995,0.0380280715247068
"22",0.0168,0.0405004749522649,0.0413315609398369,0.0398200669730668
"23",0.0176,0.0423473980578805,0.0432565492410097,0.0416020838520618
"24",0.0184,0.0441872246064441,0.0451776722016659,0.0433741796736855
"25",0.0192,0.046019995420896,0.0470949375833367,0.0451364115088148
"26",0.02,0.0478457510116639,0.0490083531319686,0.0468888359914306
"27",0.0208,0.0496645315796476,0.0509179265779546,0.048631509322791
"28",0.0216,0.0514763770191697,0.0528236656361647,0.0503644872755556
"29",0.0224,0.0532813269208922,0.0547255780059781,0.0520878251978642
"30",0.0232,0.0550794205747007,0.0566236713713134,0.0538015780173676
"31",0.024,0.0568706969725549,0.0585179534006601,0.0555058002452136
"32",0.0248,0.0586551948113074,0.0604084317471099,0.057200545979987
"33",0.0256,0.0604329524954901,0.0622951140483867,0.0588858689116055
"34",0.0264,0.0622040081400692,0.0641780079268783,0.0605618223251714
"35",0.0272,0.0639683995731696,0.0660571209896669,0.0622284591047794
"36",0.028,0.0657261643387677,0.0679324608285595,0.0638858317372822
"37",0.0288,0.0674773396993547,0.0698040350201194,0.0655339923160133
"38",0.0296,0.0692219626385696,0.071671851125696,0.0671729925444679
"39",0.0304,0.0709600698638027,0.0735359166914554,0.0688028837399431
"40",0.0312,0.0726916978087705,0.0753962392484119,0.0704237168371368
"41",0.032,0.0744168826360607,0.0772528263124568,0.0720355423917068
"42",0.0328,0.0761356602396504,0.0791056853843901,0.0736384105837899
"43",0.0336,0.0778480662473949,0.0809548239499505,0.0752323712214824
"44",0.0344,0.0795541360234898,0.0828002494798449,0.0768174737442817
"45",0.0352,0.0812539046709052,0.0846419694297796,0.0783937672264893
"46",0.036,0.0829474070337934,0.0864799912404901,0.0799613003805768
"47",0.0368,0.08463467769987,0.0883143223377706,0.0815201215605148
"48",0.0376,0.0863157510027685,0.0901449701325047,0.0830702787650644
"49",0.0384,0.0879906610243689,0.0919719420206949,0.0846118196410331
"50",0.0392,0.0896594415971015,0.0937952453834932,0.0861447914864951
"51",0.04,0.0913221263062245,0.0956148875872296,0.0876692412539755
"52",0.0408,0.0929787484920772,0.0974308759834432,0.0891852155536004
"53",0.0416,0.0946293412523087,0.0992432179089112,0.0906927606562127
"54",0.0424,0.0962739374440819,0.101051920685679,0.0921919224964529
"55",0.0432,0.097912569686254,0.102856991621088,0.0936827466758078
"56",0.044,0.0995452703615326,0.104658438007809,0.0951652784656251
"57",0.0448,0.101172071618609,0.106456267123868,0.0966395628100956
"58",0.0456,0.10279300537427,0.108250486232676,0.0981056443292032
"59",0.0464,0.104408103315481,0.11004110258306,0.0995635673216429
"60",0.0472,0.106017396901456,0.111828123409293,0.101013375767708
"61",0.048,0.107620917365697,0.113611555931118,0.102455113332143
"62",0.0488,0.109218695718014,0.115391407353786,0.103888823366975
"63",0.0496,0.110810762746528,0.117167684868075,0.1053145489143
"64",0.0504,0.112397149019643,0.118940395650326,0.106732332709053
"65",0.0512,0.113977884888007,0.120709546862472,0.108142217181741
"66",0.052,0.115553000486446,0.122475145652062,0.109544244461151
"67",0.0528,0.117122525735878,0.124237199152294,0.110938456377024
"68",0.0536,0.11868649034521,0.125995714482044,0.112324894462707
"69",0.0544,0.12024492381321,0.12775069874589,0.113703599957772
"70",0.0552,0.121797855430363,0.129502159034148,0.115074613810607
"71",0.056,0.123345314280705,0.131250102422895,0.116437976680985
"72",0.0568,0.12488732924364,0.132994535973999,0.117793728942601
"73",0.0576,0.126423928995737,0.134735466735149,0.119141910685582
"74",0.0584,0.127955142012505,0.13647290173988,0.120482561718975
"75",0.0592,0.129480996570155,0.138206848007608,0.121815721573202
"76",0.06,0.131001520747339,0.13993731254365,0.123141429502498
"77",0.0608,0.132516742426871,0.141664302339258,0.124459724487317
"78",0.0616,0.134026689297436,0.143387824371647,0.125770645236714
"79",0.0624,0.135531388855271,0.14510788560402,0.127074230190702
"80",0.0632,0.137030868405837,0.146824492985599,0.128370517522588
"81",0.064,0.138525155065472,0.148537653451651,0.129659545141282
"82",0.0648,0.140014275763022,0.150247373923519,0.130941350693578
"83",0.0656,0.141498257241462,0.151953661308646,0.132215971566422
"84",0.0664,0.142977126059495,0.153656522500607,0.133483444889144
"85",0.0672,0.144450908593135,0.155355964379133,0.134743807535676
"86",0.068,0.145919631037281,0.157051993810143,0.135997096126745
"87",0.0688,0.147383319407261,0.158744617645765,0.137243347032041
"88",0.0696,0.148841999540375,0.160433842724373,0.138482596372365
"89",0.0704,0.15029569709741,0.162119675870608,0.139714880021752
"90",0.0712,0.151744437564149,0.163802123895405,0.140940233609582
"91",0.072,0.153188246252858,0.165481193596025,0.142158692522652
"92",0.0728,0.154627148303759,0.167156891756081,0.143370291907246
"93",0.0736,0.156061168686494,0.168829225145562,0.144575066671168
"94",0.0744,0.157490332201562,0.170498200520865,0.145773051485766
"95",0.0752,0.158914663481757,0.172163824624819,0.146964280787929
"96",0.076,0.160334186993577,0.173826104186716,0.148148788782065
"97",0.0768,0.161748927038627,0.175485045922332,0.14932660944206
"98",0.0776,0.163158907755006,0.177140656533961,0.150497776513218
"99",0.0784,0.164564153118682,0.178792942710437,0.151662323514177
"100",0.0792,0.165964686944845,0.180441911127163,0.152820283738814
"101",0.08,0.167360532889259,0.182087568446141,0.153971690258118
"102",0.0808,0.168751714449589,0.183729921315991,0.155116575922062
"103",0.0816,0.170138254966723,0.185368976371985,0.156254973361438
"104",0.0824,0.171520177626074,0.187004740236073,0.157386914989685
"105",0.0832,0.172897505458876,0.188637219516907,0.158512433004698
"106",0.084,0.174270261343462,0.190266420809867,0.159631559390611
"107",0.0848,0.175638468006529,0.191892350697093,0.160744325919575
"108",0.0856,0.177002148024394,0.193515015747505,0.161850764153506
"109",0.0864,0.178361323824235,0.195134422516836,0.162950905445821
"110",0.0872,0.179716017685323,0.196750577547652,0.164044780943162
"111",0.088,0.181066251740234,0.198363487369384,0.165132421587094
"112",0.0888,0.182412047976061,0.199973158498351,0.166213858115787
"113",0.0896,0.183753428235601,0.201579597437787,0.167289121065692
"114",0.0904,0.185090414218542,0.203182810677869,0.168358240773186
"115",0.0912,0.18642302748263,0.204782804695741,0.169421247376214
"116",0.092,0.187751289444828,0.20637958595554,0.170478170815904
"117",0.0928,0.189075221382465,0.207973160908425,0.171529040838172
"118",0.0936,0.190394844434369,0.2095635359926,0.172573886995312
"119",0.0944,0.191710179601998,0.211150717633341,0.173612738647569
"120",0.0952,0.193021247750547,0.212734712243024,0.174645624964695
"121",0.096,0.194328069610055,0.214315526221147,0.17567257492749
"122",0.0968,0.195630665776498,0.215893165954359,0.176693617329333
"123",0.0976,0.19692905671287,0.217467637816484,0.177708780777694
"124",0.0984,0.198223262750255,0.219038948168548,0.178718093695629
"125",0.0992,0.199513304088886,0.220607103358805,0.179721584323269
"126",0.1,0.200799200799201,0.222172109722759,0.180719280719281
"127",0.1008,0.202080972822878,0.223733973583196,0.181711210762332
"128",0.1016,0.20335863997387,0.225292701250204,0.182697402152525
"129",0.1024,0.204632221939425,0.226848299021201,0.183677882412828
"130",0.1032,0.205901738281095,0.228400773180958,0.184652678890486
"131",0.104,0.207167208435741,0.22995013000163,0.185621818758424
"132",0.1048,0.208428651716522,0.231496375742775,0.186585329016631
"133",0.1056,0.209686087313881,0.233039516651382,0.187543236493535
"134",0.1064,0.210939534296513,0.234579558961897,0.188495567847364
"135",0.1072,0.212189011612334,0.236116508896246,0.189442349567492
"136",0.108,0.213434538089432,0.237650372663865,0.190383607975774
"137",0.1088,0.214676132437017,0.239181156461717,0.19131936922787
"138",0.1096,0.215913813246352,0.240708866474325,0.192249659314552
"139",0.1104,0.217147598991686,0.242233508873791,0.193174504063004
"140",0.1112,0.218377508031171,0.243755089819826,0.194093929138105
"141",0.112,0.219603558607773,0.24527361545977,0.195007960043702
"142",0.1128,0.220825768850173,0.246789091928622,0.195916622123873
"143",0.1136,0.222044156773661,0.248301525349059,0.196819940564174
"144",0.1144,0.223258740281025,0.249810921831467,0.197717940392876
"145",0.1152,0.22446953716342,0.251317287473959,0.198610646482194
"146",0.116,0.225676565101243,0.252820628362406,0.199498083549499
"147",0.1168,0.226879841664992,0.254320950570458,0.200380276158521
"148",0.1176,0.228079384316117,0.255818260159567,0.201257248720542
"149",0.1184,0.229275210407868,0.257312563179018,0.202129025495576
"150",0.1192,0.230467337186127,0.258803865665944,0.202995630593541
"151",0.12,0.231655781790242,0.260292173645361,0.203857087975413
"152",0.1208,0.232840561253845,0.261777493130181,0.204713421454381
"153",0.1216,0.234021692505668,0.263259830121248,0.205564654696979
"154",0.1224,0.235199192370347,0.264739190607352,0.206410811224217
"155",0.1232,0.236373077569223,0.26621558056526,0.207251914412695
"156",0.124,0.237543364721131,0.267689005959737,0.208087987495711
"157",0.1248,0.23871007034319,0.26915947274357,0.208919053564359
"158",0.1256,0.23987321085157,0.270626986857596,0.209745135568613
"159",0.1264,0.241032802562273,0.272091554230719,0.210566256318402
"160",0.1272,0.242188861691889,0.27355318077994,0.211382438484681
"161",0.128,0.243341404358353,0.275011872410379,0.212193704600484
"162",0.1288,0.244490446581697,0.276467635015297,0.213000077061974
"163",0.1296,0.245636004284787,0.277920474476124,0.213801578129479
"164",0.1304,0.246778093294065,0.279370396662477,0.214598229928519
"165",0.1312,0.247916729340273,0.28081740743219,0.215390054450829
"166",0.132,0.249051928059175,0.282261512631332,0.216177073555364
"167",0.1328,0.250183704992277,0.283702718094235,0.216959308969302
"168",0.1336,0.251312075587533,0.285141029643515,0.217736782289038
"169",0.1344,0.252437055200048,0.286576453090096,0.218509514981161
"170",0.1352,0.253558659092775,0.288008994233235,0.219277528383432
"171",0.136,0.254676902437207,0.289438658860544,0.220040843705746
"172",0.1368,0.255791800314056,0.290865452748012,0.220799482031093
"173",0.1376,0.256903367713938,0.29228938166003,0.2215534643165
"174",0.1384,0.258011619538038,0.293710451349417,0.222302811393974
"175",0.1392,0.259116570598782,0.295128667557438,0.223047543971432
"176",0.14,0.260218235620492,0.29654403601383,0.223787682633623
"177",0.1408,0.261316629240043,0.297956562436824,0.224523247843045
"178",0.1416,0.262411766007509,0.299366252533172,0.225254259940845
"179",0.1424,0.263503660386808,0.300773111998164,0.225980739147726
"180",0.1432,0.264592326756337,0.302177146515654,0.22670270556483
"181",0.144,0.265677779409605,0.303578361758085,0.227420179174622
"182",0.1448,0.266760032555855,0.304976763386508,0.228133179841767
"183",0.1456,0.267839100320686,0.306372357050607,0.228841727313995
"184",0.1464,0.268914996746672,0.307765148388722,0.229545841222959
"185",0.1472,0.269987735793961,0.309155143027872,0.23024554108509
"186",0.148,0.27105733134089,0.310542346583776,0.230940846302438
"187",0.1488,0.272123797184575,0.311926764660876,0.23163177616351
"188",0.1496,0.273187147041508,0.313308402852362,0.232318349844099
"189",0.1504,0.274247394548146,0.314687266740193,0.233000586408105
"190",0.1512,0.275304553261492,0.316063361895118,0.233678504808354
"191",0.152,0.276358636659671,0.3174366938767,0.234352123887401
"192",0.1528,0.277409658142509,0.318807268233342,0.235021462378334
"193",0.1536,0.278457631032094,0.320175090502301,0.235686538905565
"194",0.1544,0.279502568573343,0.321540166209718,0.236347371985619
"195",0.1552,0.280544483934558,0.322902500870639,0.237003980027915
"196",0.156,0.281583390207982,0.324262099989032,0.237656381335536
"197",0.1568,0.282619300410342,0.325618969057816,0.238304594106
"198",0.1576,0.283652227483399,0.326973113558879,0.238948636432015
"199",0.1584,0.284682184294482,0.328324538963104,0.239588526302236
"200",0.1592,0.285709183637026,0.329673250730384,0.240224281602011
"201",0.16,0.286733238231098,0.331019254309653,0.240855920114123
"202",0.1608,0.287754360723926,0.332362555138902,0.241483459519519
"203",0.1616,0.288772563690417,0.333703158645201,0.242106917398046
"204",0.1624,0.289787859633673,0.335041070244725,0.242726311229164
"205",0.1632,0.290800260985504,0.336376295342773,0.24334165839267
"206",0.164,0.291809780106937,0.337708839333789,0.243952976169399
"207",0.1648,0.292816429288715,0.339038707601386,0.244560281741935
"208",0.1656,0.293820220751799,0.340365905518366,0.245163592195301
"209",0.1664,0.294821166647862,0.341690438446744,0.245762924517658
"210",0.1672,0.295819279059778,0.343012311737767,0.246358295600983
"211",0.168,0.29681457000211,0.344331530731937,0.246949722241755
"212",0.1688,0.29780705142159,0.345648100759032,0.247537221141625
"213",0.1696,0.298796735197599,0.346962027138129,0.248120808908086
"214",0.1704,0.299783633142641,0.348273315177624,0.248700502055135
"215",0.1712,0.300767757002811,0.349581970175253,0.24927631700393
"216",0.172,0.301749118458262,0.350887997418115,0.249848270083441
"217",0.1728,0.302727729123668,0.352191402182693,0.250416377531098
"218",0.1736,0.303703600548682,0.353492189734873,0.25098065549343
"219",0.1744,0.304676744218387,0.354790365329969,0.2515411200267
"220",0.1752,0.305647171553753,0.356085934212743,0.252097787097536
"221",0.176,0.306614893912079,0.357378901617424,0.252650672583553
"222",0.1768,0.307579922587435,0.358669272767731,0.253199792273977
"223",0.1776,0.308542268811108,0.359957052876895,0.253745161870255
"224",0.1784,0.309501943752028,0.361242247147678,0.254286796986666
"225",0.1792,0.310458958517211,0.362524860772394,0.254824713150927
"226",0.18,0.311413324152178,0.363804898932933,0.255358925804786
"227",0.1808,0.312365051641385,0.36508236680078,0.255889450304622
"228",0.1816,0.313314151908643,0.366357269537032,0.256416301922034
"229",0.1824,0.314260635817538,0.367629612292428,0.256939495844419
"230",0.1832,0.315204514171843,0.36889940020736,0.257459047175561
"231",0.184,0.316145797715927,0.3701666384119,0.257974970936196
"232",0.1848,0.317084497135169,0.371431332025819,0.25848728206459
"233",0.1856,0.318020623056359,0.372693486158608,0.258995995417099
"234",0.1864,0.318954186048095,0.373953105909497,0.25950112576873
"235",0.1872,0.31988519662119,0.375210196367478,0.260002687813703
"236",0.188,0.320813665229056,0.376464762611323,0.260500696165993
"237",0.1888,0.321739602268103,0.377716809709608,0.260995165359885
"238",0.1896,0.322663018078124,0.378966342720729,0.261486109850512
"239",0.1904,0.32358392294268,0.380213366692926,0.261973544014394
"240",0.1912,0.324502327089483,0.381457886664304,0.262457482149974
"241",0.192,0.325418240690772,0.382699907662847,0.262937938478144
"242",0.1928,0.32633167386369,0.383939434706449,0.263414927142771
"243",0.1936,0.327242636670658,0.385176472802922,0.263888462211219
"244",0.1944,0.328151139119744,0.386411026950027,0.264358557674865
"245",0.1952,0.329057191165025,0.387643102135487,0.264825227449612
"246",0.196,0.329960802706958,0.388872703337011,0.265288485376394
"247",0.1968,0.330861983592736,0.390099835522313,0.265748345221685
"248",0.1976,0.331760743616645,0.39132450364913,0.266204820677996
"249",0.1984,0.332657092520421,0.392546712665247,0.266657925364369
"250",0.1992,0.333551039993602,0.393766467508512,0.267107672826877
"251",0.2,0.334442595673877,0.394983773106857,0.267554076539102
"252",0.2008,0.33533176914743,0.396198634378321,0.267997149902626
"253",0.2016,0.336218569949287,0.397411056231066,0.268436906247511
"254",0.2024,0.337103007563655,0.3986210435634,0.268873358832771
"255",0.2032,0.337985091424259,0.399828601263795,0.269306520846849
"256",0.204,0.33886483091468,0.401033734210904,0.269736405408086
"257",0.2048,0.339742235368688,0.402236447273589,0.270163025565181
"258",0.2056,0.340617314070567,0.403436745310931,0.270586394297659
"259",0.2064,0.341490076255449,0.404634633172257,0.271006524516324
"260",0.2072,0.342360531109635,0.405830115697154,0.271423429063719
"261",0.208,0.343228687770918,0.407023197715493,0.271837120714567
"262",0.2088,0.344094555328904,0.408213884047447,0.272247612176229
"263",0.2096,0.344958142825327,0.409402179503509,0.272654916089138
"264",0.2104,0.345819459254365,0.410588088884513,0.273059045027247
"265",0.2112,0.346678513562954,0.411771616981654,0.273460011498458
"266",0.212,0.347535314651094,0.412952768576503,0.273857827945062
"267",0.2128,0.348389871372161,0.414131548441035,0.274252506744165
"268",0.2136,0.349242192533205,0.415307961337639,0.274644060208112
"269",0.2144,0.350092286895261,0.416482012019142,0.275032500584917
"270",0.2152,0.350940163173643,0.417653705228828,0.275417840058675
"271",0.216,0.351785830038245,0.418823045700456,0.275800090749984
"272",0.2168,0.352629296113834,0.419990038158281,0.276179264716354
"273",0.2176,0.353470569980345,0.42115468731707,0.276555373952622
"274",0.2184,0.354309660173174,0.422316997882124,0.276928430391353
"275",0.2192,0.355146575183461,0.423476974549295,0.277298445903246
"276",0.22,0.35598132345838,0.424634622005007,0.277665432297537
"277",0.2208,0.356813913401425,0.425789944926273,0.278029401322391
"278",0.2216,0.357644353372688,0.426942947980714,0.278390364665301
"279",0.2224,0.358472651689141,0.42809363582658,0.278748333953476
"280",0.2232,0.359298816624914,0.429242013112766,0.279103320754233
"281",0.224,0.360122856411569,0.430388084478833,0.279455336575378
"282",0.2248,0.360944779238374,0.431531854555025,0.279804392865588
"283",0.2256,0.361764593252575,0.43267332796229,0.280150501014794
"284",0.2264,0.362582306559665,0.433812509312295,0.280493672354557
"285",0.2272,0.363397927223651,0.434949403207449,0.280833918158437
"286",0.228,0.364211463267317,0.436084014240918,0.281171249642369
"287",0.2288,0.365022922672491,0.437216346996646,0.281505677965025
"288",0.2296,0.365832313380304,0.438346406049372,0.281837214228186
"289",0.2304,0.366639643291447,0.43947419596465,0.282165869477098
"290",0.2312,0.367444920266432,0.440599721298864,0.282491654700833
"291",0.232,0.368248152125845,0.441722986599251,0.282814580832649
"292",0.2328,0.369049346650598,0.442843996403917,0.283134658750339
"293",0.2336,0.369848511582184,0.443962755241854,0.283451899276586
"294",0.2344,0.370645654622922,0.445079267632963,0.283766313179309
"295",0.2352,0.371440783436208,0.446193538088067,0.284077911172011
"296",0.236,0.372233905646756,0.44730557110893,0.284386703914122
"297",0.2368,0.373025028840849,0.44841537118828,0.284692702011336
"298",0.2376,0.373814160566573,0.44952294280982,0.284995916015955
"299",0.2384,0.374601308334063,0.450628290448253,0.285296356427222
"300",0.2392,0.375386479615738,0.451731418569294,0.285594033691653
"301",0.24,0.376169681846538,0.452832331629694,0.285888958203369
"302",0.2408,0.376950922424159,0.453931034077253,0.286181140304422
"303",0.2416,0.377730208709288,0.45502753035084,0.286470590285124
"304",0.2424,0.378507548025829,0.456121824880411,0.286757318384368
"305",0.2432,0.379282947661138,0.457213922087027,0.287041334789949
"306",0.244,0.380056414866247,0.458303826382871,0.287322649638883
"307",0.2448,0.380827956856092,0.459391542171268,0.287601273017721
"308",0.2456,0.381597580809736,0.460477073846698,0.287877214962865
"309",0.2464,0.382365293870593,0.461560425794821,0.288150485460879
"310",0.2472,0.383131103146648,0.462641602392488,0.288421094448797
"311",0.248,0.383895015710677,0.463720608007761,0.288689051814429
"312",0.2488,0.384657038600464,0.464797446999934,0.288954367396669
"313",0.2496,0.385417178819018,0.465872123719544,0.289217050985791
"314",0.2504,0.386175443334786,0.466944642508395,0.289477112323756
"315",0.2512,0.386931839081869,0.468015007699571,0.289734561104504
"316",0.252,0.38768637296023,0.469083223617455,0.289989406974252
"317",0.2528,0.388439051835906,0.47014929457775,0.290241659531789
"318",0.2536,0.389189882541214,0.471213224887489,0.290491328328762
"319",0.2544,0.389938871874962,0.472275018845058,0.290738422869972
"320",0.2552,0.390686026602648,0.473334680740213,0.290982952613652
"321",0.256,0.39143135345667,0.474392214854095,0.291224926971762
"322",0.2568,0.392174859136524,0.47544762545925,0.291464355310264
"323",0.2576,0.392916550309005,0.476500916819643,0.291701246949406
"324",0.2584,0.393656433608411,0.477552093190678,0.291935611163998
"325",0.2592,0.394394515636734,0.478601158819214,0.292167457183692
"326",0.26,0.395130802963859,0.479648117943582,0.292396794193256
"327",0.2608,0.395865302127762,0.480692974793604,0.292623631332842
"328",0.2616,0.3965980196347,0.481735733590607,0.292847977698263
"329",0.2624,0.397328961959404,0.482776398547443,0.293069842341256
"330",0.2632,0.398058135545269,0.483814973868502,0.293289234269754
"331",0.264,0.398785546804545,0.484851463749736,0.293506162448145
"332",0.2648,0.399511202118524,0.485885872378667,0.293720635797539
"333",0.2656,0.400235107837728,0.486918203934413,0.293932663196027
"334",0.2664,0.400957270282089,0.487948462587695,0.294142253478941
"335",0.2672,0.401677695741142,0.488976652500866,0.294349415439109
"336",0.268,0.402396390474198,0.490002777827914,0.294554157827113
"337",0.2688,0.403113360710534,0.491026842714492,0.294756489351542
"338",0.2696,0.403828612649564,0.492048851297925,0.294956418679242
"339",0.2704,0.404542152461027,0.493068807707231,0.295153954435566
"340",0.2712,0.405253986285157,0.494086716063138,0.295349105204622
"341",0.272,0.405964120232862,0.495102580478098,0.295541879529524
"342",0.2728,0.4066725603859,0.496116405056306,0.295732285912627
"343",0.2736,0.407379312797051,0.497128193893717,0.295920332815778
"344",0.2744,0.40808438349029,0.498137951078061,0.296106028660554
"345",0.2752,0.408787778460956,0.499145680688858,0.296289381828501
"346",0.276,0.409489503675928,0.500151386797438,0.296470400661372
"347",0.2768,0.410189565073785,0.501155073466956,0.296649093461361
"348",0.2776,0.410887968564982,0.502156744752408,0.296825468491343
"349",0.2784,0.41158472003201,0.503156404700647,0.296999533975098
"350",0.2792,0.412279825329564,0.504154057350401,0.29717129809755
"351",0.28,0.412973290284708,0.505149706732288,0.29734076900499
"352",0.2808,0.413665120697035,0.506143356868831,0.297507954805307
"353",0.2816,0.414355322338831,0.50713501177448,0.297672863568216
"354",0.2824,0.415043900955233,0.508124675455618,0.297835503325475
"355",0.2832,0.415730862264393,0.509112351910589,0.297995882071117
"356",0.284,0.416416211957632,0.510098045129705,0.298154007761664
"357",0.2848,0.417099955699597,0.511081759095268,0.298309888316351
"358",0.2856,0.41778209912842,0.512063497781579,0.298463531617343
"359",0.2864,0.418462647855872,0.513043265154965,0.29861494550995
"360",0.2872,0.419141607467515,0.514021065173784,0.298764137802845
"361",0.288,0.419818983522859,0.514996901788447,0.298911116268276
"362",0.2888,0.420494781555508,0.515970778941433,0.299055888642277
"363",0.2896,0.421169007073315,0.516942700567306,0.299198462624883
"364",0.2904,0.42184166555853,0.517912670592725,0.299338845880333
"365",0.2912,0.422512762467949,0.518880692936469,0.299477046037283
"366",0.292,0.423182303233063,0.519846771509447,0.299613070689009
"367",0.2928,0.423850293260201,0.520810910214712,0.299746927393614
"368",0.2936,0.424516737930677,0.521773112947485,0.29987862367423
"369",0.2944,0.425181642600938,0.522733383595161,0.300008167019222
"370",0.2952,0.425845012602702,0.52369172603733,0.300135564882384
"371",0.296,0.426506853243104,0.524648144145794,0.300260824683145
"372",0.2968,0.427167169804836,0.525602641784578,0.300383953806761
"373",0.2976,0.427825967546289,0.526555222809951,0.300504959604513
"374",0.2984,0.428483251701691,0.527505891070435,0.300623849393906
"375",0.2992,0.429139027481247,0.528454650406826,0.300740630458858
"376",0.3,0.429793300071276,0.52940150465221,0.300855310049893
"377",0.3008,0.430446074634346,0.530346457631972,0.300967895384335
"378",0.3016,0.431097356309415,0.531289513163819,0.301078393646495
"379",0.3024,0.431747150211958,0.532230675057791,0.301186811987862
"380",0.3032,0.43239546143411,0.533169947116277,0.301293157527288
"381",0.304,0.43304229504479,0.534107333134031,0.301397437351174
"382",0.3048,0.43368765608984,0.535042836898188,0.301499658513657
"383",0.3056,0.434331549592153,0.535976462188277,0.301599828036791
"384",0.3064,0.434973980551804,0.536908212776241,0.301697952910731
"385",0.3072,0.43561495394618,0.537838092426445,0.301794040093914
"386",0.308,0.436254474730107,0.538766104895698,0.301888096513234
"387",0.3088,0.436892547835978,0.539692253933263,0.301980129064228
"388",0.3096,0.437529178173882,0.540616543280878,0.302070144611248
"389",0.3104,0.438164370631728,0.541538976672765,0.30215814998764
"390",0.3112,0.438798130075369,0.542459557835647,0.302244151995914
"391",0.312,0.43943046134873,0.543378290488767,0.302328157407926
"392",0.3128,0.440061369273928,0.544295178343897,0.302410172965043
"393",0.3136,0.440690858651394,0.545210225105357,0.302490205378317
"394",0.3144,0.441318934259999,0.546123434470029,0.302568261328655
"395",0.3152,0.441945600857172,0.547034810127371,0.302644347466991
"396",0.316,0.442570863179018,0.547944355759433,0.302718470414448
"397",0.3168,0.443194725940444,0.548852075040873,0.302790636762511
"398",0.3176,0.44381719383527,0.549757971638967,0.302860853073188
"399",0.3184,0.44443827153635,0.55066204921363,0.302929125879176
"400",0.3192,0.445057963695692,0.551564311417426,0.302995461684027
"401",0.32,0.445676274944568,0.552464761895588,0.303059866962306
"402",0.3208,0.446293209893633,0.553363404286025,0.303122348159755
"403",0.3216,0.446908773133041,0.554260242219344,0.303182911693455
"404",0.3224,0.447522969232554,0.555155279318861,0.303241563951979
"405",0.3232,0.448135802741661,0.556048519200618,0.303298311295556
"406",0.324,0.448747278189686,0.556939965473393,0.303353160056228
"407",0.3248,0.4493574000859,0.55782962173872,0.303406116538
"408",0.3256,0.449966172919635,0.5587174915909,0.303457187017002
"409",0.3264,0.450573601160389,0.559603578617017,0.303506377741638
"410",0.3272,0.45117968925794,0.560487886396954,0.303553694932742
"411",0.328,0.451784441642454,0.561370418503403,0.303599144783729
"412",0.3288,0.452387862724589,0.562251178501883,0.303642733460744
"413",0.3296,0.452989956895609,0.563130169950753,0.303684467102816
"414",0.3304,0.453590728527482,0.564007396401229,0.303724351822002
"415",0.3312,0.454190181972993,0.564882861397395,0.303762393703538
"416",0.332,0.454788321565848,0.565756568476216,0.303798598805986
"417",0.3328,0.455385151620774,0.56662852116756,0.30383297316138
"418",0.3336,0.455980676433627,0.567498722994202,0.303865522775369
"419",0.3344,0.456574900281494,0.568367177471847,0.303896253627363
"420",0.3352,0.457167827422796,0.569233888109138,0.303925171670675
"421",0.336,0.457759462097386,0.570098858407675,0.303952282832665
"422",0.3368,0.458349808526657,0.570962091862025,0.303977593014879
"423",0.3376,0.458938870913636,0.571823591959738,0.304001108093192
"424",0.3384,0.459526653443085,0.572683362181363,0.304022833917945
"425",0.3392,0.460113160281605,0.573541406000459,0.304042776314085
"426",0.34,0.460698395577727,0.574397726883608,0.3040609410813
"427",0.3408,0.461282363462015,0.575252328290435,0.30407733399416
"428",0.3416,0.461865068047162,0.576105213673616,0.304091960802252
"429",0.3424,0.462446513428086,0.576956386478895,0.304104827230309
"430",0.3432,0.463026703682026,0.577805850145094,0.304115938978355
"431",0.344,0.463605642868637,0.578653608104135,0.304125301721826
"432",0.3448,0.464183335030086,0.579499663781045,0.304132921111712
"433",0.3456,0.464759784191145,0.580344020593974,0.304138802774685
"434",0.3464,0.465334994359284,0.58118668195421,0.304142952313228
"435",0.3472,0.465908969524766,0.58202765126619,0.304145375305767
"436",0.348,0.466481713660736,0.582866931927516,0.3041460773068
"437",0.3488,0.467053230723315,0.583704527328965,0.304145063847023
"438",0.3496,0.467623524651693,0.58454044085451,0.304142340433461
"439",0.3504,0.468192599368213,0.585374675881324,0.304137912549591
"440",0.3512,0.468760458778468,0.586207235779803,0.30413178565547
"441",0.352,0.469327106771386,0.587038123913572,0.304123965187858
"442",0.3528,0.469892547219321,0.587867343639503,0.304114456560345
"443",0.3536,0.47045678397814,0.588694898307729,0.30410326516347
"444",0.3544,0.471019820887311,0.589520791261655,0.304090396364848
"445",0.3552,0.47158166176999,0.590345025837971,0.30407585550929
"446",0.356,0.472142310433107,0.591167605366668,0.304059647918921
"447",0.3568,0.472701770667454,0.591988533171052,0.304041778893306
"448",0.3576,0.473260046247768,0.592807812567753,0.304022253709566
"449",0.3584,0.473817140932817,0.593625446866745,0.304001077622495
"450",0.3592,0.474373058465485,0.594441439371351,0.303978255864683
"451",0.36,0.474927802572854,0.595255793378265,0.303953793646626
"452",0.3608,0.475481376966289,0.596068512177559,0.303927696156852
"453",0.3616,0.476033785341521,0.5968795990527,0.303899968562027
"454",0.3624,0.476585031378727,0.597689057280561,0.303870616007077
"455",0.3632,0.477135118742615,0.598496890131435,0.303839643615297
"456",0.364,0.4776840510825,0.599303100869048,0.30380705648847
"457",0.3648,0.478231832032391,0.600107692750575,0.303772859706975
"458",0.3656,0.478778465211069,0.600910669026647,0.303737058329902
"459",0.3664,0.479323954222162,0.60171203294137,0.303699657395162
"460",0.3672,0.479868302654232,0.602511787732335,0.303660661919598
"461",0.368,0.480411514080848,0.603309936630634,0.303620076899096
"462",0.3688,0.480953592060666,0.604106482860867,0.303577907308692
"463",0.3696,0.481494540137508,0.604901429641164,0.303534158102685
"464",0.3704,0.482034361840435,0.605694780183189,0.303488834214738
"465",0.3712,0.482573060683831,0.60648653769216,0.303441940557993
"466",0.372,0.483110640167472,0.607276705366856,0.303393482025173
"467",0.3728,0.483647103776605,0.608065286399635,0.303343463488687
"468",0.3736,0.484182454982024,0.608852283976445,0.30329188980074
"469",0.3744,0.484716697240143,0.609637701276835,0.303238765793433
"470",0.3752,0.485249833993071,0.610421541473971,0.303184096278871
"471",0.376,0.485781868668689,0.611203807734647,0.303127886049262
"472",0.3768,0.486312804680718,0.611984503219297,0.303070139877023
"473",0.3776,0.486842645428794,0.612763631082012,0.303010862514882
"474",0.3784,0.487371394298545,0.613541194470545,0.302950058695975
"475",0.3792,0.487899054661655,0.614317196526333,0.302887733133955
"476",0.38,0.488425629875943,0.615091640384501,0.302823890523085
"477",0.3808,0.488951123285431,0.615864529173883,0.302758535538339
"478",0.3816,0.489475538220414,0.616635866017026,0.302691672835504
"479",0.3824,0.489998877997532,0.61740565403021,0.302623307051275
"480",0.3832,0.490521145919839,0.618173896323457,0.302553442803356
"481",0.384,0.491042345276873,0.618940596000543,0.302482084690554
"482",0.3848,0.491562479344726,0.619705756159012,0.302409237292875
"483",0.3856,0.492081551386109,0.62046937989019,0.302334905171626
"484",0.3864,0.492599564650426,0.621231470279193,0.302259092869502
"485",0.3872,0.493116522373837,0.621992030404944,0.302181804910687
"486",0.388,0.493632427779325,0.622751063340182,0.302103045800947
"487",0.3888,0.494147284076768,0.623508572151479,0.302022820027721
"488",0.3896,0.494661094463002,0.624264559899246,0.301941132060216
"489",0.3904,0.495173862121885,0.62501902963775,0.301857986349501
"490",0.3912,0.495685590224369,0.625771984415126,0.301773387328596
"491",0.392,0.496196281928561,0.626523427273387,0.301687339412565
"492",0.3928,0.496705940379786,0.627273361248439,0.301599846998606
"493",0.3936,0.497214568710657,0.62802178937009,0.301510914466142
"494",0.3944,0.497722170041137,0.628768714662067,0.301420546176912
"495",0.3952,0.498228747478599,0.629514140142022,0.301328746475057
"496",0.396,0.498734304117898,0.630258068821552,0.30123551968721
"497",0.3968,0.499238843041423,0.631000503706202,0.301140870122586
"498",0.3976,0.499742367319169,0.631741447795486,0.301044802073068
"499",0.3984,0.500244880008796,0.632480904082891,0.300947319813291
"500",0.3992,0.500746384155687,0.633218875555898,0.300848427600737
"501",0.4,0.501246882793017,0.633955365195985,0.30074812967581
"502",0.4008,0.501746378941809,0.634690375978644,0.300646430261932
"503",0.4016,0.502244875610994,0.635423910873395,0.300543333565619
"504",0.4024,0.502742375797477,0.636155972843792,0.300438843776572
"505",0.4032,0.50323888248619,0.636886564847441,0.300332965067758
"506",0.404,0.503734398650158,0.637615689836006,0.300225701595494
"507",0.4048,0.504228927250553,0.638343350755226,0.300117057499529
"508",0.4056,0.504722471236758,0.639069550544926,0.300007036903129
"509",0.4064,0.505215033546421,0.639794292139027,0.299895643913155
"510",0.4072,0.505706617105517,0.640517578465557,0.29978288262015
"511",0.408,0.506197224828403,0.641239412446666,0.299668757098415
"512",0.4088,0.50668685961788,0.641959796998638,0.29955327140609
"513",0.4096,0.507175524365242,0.642678735031899,0.299436429585239
"514",0.4104,0.507663221950343,0.643396229451032,0.299318235661922
"515",0.4112,0.508149955241646,0.644112283154785,0.299198693646281
"516",0.412,0.508635727096283,0.64482689903609,0.299077807532614
"517",0.4128,0.509120540360109,0.645540079982067,0.298955581299456
"518",0.4136,0.50960439786776,0.646251828874038,0.298832018909654
"519",0.4144,0.510087302442705,0.646962148587543,0.298707124310448
"520",0.4152,0.510569256897303,0.647671041992343,0.298580901433543
"521",0.416,0.511050264032857,0.648378511952441,0.298453354195189
"522",0.4168,0.511530326639671,0.649084561326087,0.298324486496256
"523",0.4176,0.512009447497096,0.649789192965792,0.298194302222309
"524",0.4184,0.512487629373595,0.650492409718339,0.298062805243683
"525",0.4192,0.512964875026787,0.651194214424795,0.297929999415558
"526",0.42,0.513441187203503,0.651894609920522,0.297795888578032
"527",0.4208,0.513916568639841,0.65259359903519,0.297660476556196
"528",0.4216,0.514391022061216,0.653291184592784,0.297523767160207
"529",0.4224,0.514864550182411,0.653987369411621,0.297385764185361
"530",0.4232,0.515337155707632,0.65468215630436,0.297246471412162
"531",0.424,0.515808841330557,0.655375548078008,0.297105892606401
"532",0.4248,0.516279609734389,0.656067547533939,0.296964031519221
"533",0.4256,0.516749463591905,0.656758157467901,0.29682089188719
"534",0.4264,0.517218405565506,0.657447380670028,0.296676477432374
"535",0.4272,0.517686438307272,0.658135219924852,0.296530791862406
"536",0.428,0.518153564459007,0.658821678011313,0.296383838870552
"537",0.4288,0.518619786652289,0.659506757702771,0.296235622135788
"538",0.4296,0.519085107508524,0.660190461767018,0.296086145322862
"539",0.4304,0.519549529638989,0.660872792966287,0.295935412082368
"540",0.4312,0.520013055644886,0.661553754057266,0.295783426050811
"541",0.432,0.520475688117388,0.662233347791106,0.295630190850676
"542",0.4328,0.520937429637685,0.662911576913435,0.295475710090495
"543",0.4336,0.521398282777039,0.663588444164368,0.295319987364915
"544",0.4344,0.521858250096824,0.664263952278516,0.295163026254763
"545",0.4352,0.522317334148578,0.664938103985001,0.295004830327117
"546",0.436,0.522775537474051,0.665610902007464,0.294845403135365
"547",0.4368,0.523232862605246,0.666282349064078,0.294684748219275
"548",0.4376,0.523689312064473,0.666952447867556,0.29452286910506
"549",0.4384,0.524144888364391,0.667621201125166,0.294359769305442
"550",0.4392,0.524599594008053,0.668288611538738,0.294195452319716
"551",0.44,0.525053431488958,0.668954681804679,0.294029921633816
"552",0.4408,0.525506403291088,0.669619414613979,0.293863180720376
"553",0.4416,0.52595851188896,0.670282812652227,0.293695233038796
"554",0.4424,0.526409759747671,0.670944878599618,0.293526082035301
"555",0.4432,0.526860149322937,0.671605615130966,0.293355731143011
"556",0.444,0.527309683061142,0.672265024915712,0.293184183781995
"557",0.4448,0.527758363399384,0.67292311061794,0.293011443359338
"558",0.4456,0.528206192765514,0.673579874896381,0.292837513269201
"559",0.4464,0.528653173578182,0.674235320404432,0.292662396892882
"560",0.4472,0.529099308246884,0.674889449790158,0.292486097598877
"561",0.448,0.529544599171998,0.675542265696307,0.292308618742943
"562",0.4488,0.529989048744836,0.676193770760322,0.292129963668153
"563",0.4496,0.530432659347677,0.676843967614351,0.291950135704961
"564",0.4504,0.530875433353818,0.677492858885253,0.291769138171259
"565",0.4512,0.531317373127613,0.678140447194616,0.291586974372434
"566",0.452,0.531758481024512,0.678786735158762,0.291403647601433
"567",0.4528,0.53219875939111,0.67943172538876,0.291219161138815
"568",0.4536,0.532638210565181,0.680075420490435,0.291033518252815
"569",0.4544,0.533076836875724,0.680717823064382,0.290846722199395
"570",0.4552,0.533514640643003,0.681358935705971,0.290658776222308
"571",0.456,0.53395162417859,0.681998761005363,0.290469683553153
"572",0.4568,0.534387789785399,0.682637301547517,0.290279447411429
"573",0.4576,0.534823139757736,0.683274559912201,0.290088071004596
"574",0.4584,0.53525767638133,0.683910538674003,0.289895557528128
"575",0.4592,0.535691401933381,0.684545240402344,0.289701910165572
"576",0.46,0.536124318682593,0.68517866766148,0.2895071320886
"577",0.4608,0.536556428889218,0.685810823010524,0.289311226457067
"578",0.4616,0.536987734805095,0.686441709003446,0.289114196419063
"579",0.4624,0.537418238673686,0.687071328189091,0.288916045110973
"580",0.4632,0.537847942730117,0.687699683111183,0.288716775657527
"581",0.464,0.538276849201219,0.688326776308339,0.288516391171853
"582",0.4648,0.538704960305562,0.688952610314081,0.288314894755537
"583",0.4656,0.539132278253496,0.689577187656841,0.288112289498668
"584",0.4664,0.539558805247188,0.690200510859974,0.287908578479899
"585",0.4672,0.539984543480661,0.69082258244177,0.287703764766496
"586",0.468,0.54040949513983,0.691443404915461,0.28749785141439
"587",0.4688,0.540833662402542,0.692062980789232,0.28729084146823
"588",0.4696,0.541257047438609,0.692681312566233,0.287082737961438
"589",0.4704,0.541679652409848,0.693298402744587,0.286873543916256
"590",0.4712,0.54210147947012,0.6939142538174,0.286663262343799
"591",0.472,0.54252253076536,0.694528868272774,0.28645189624411
"592",0.4728,0.542942808433619,0.695142248593813,0.286239448606204
"593",0.4736,0.5433623146051,0.695754397258637,0.286025922408124
"594",0.4744,0.543781051402189,0.696365316740386,0.285811320616991
"595",0.4752,0.544199020939497,0.696975009507239,0.285595646189048
"596",0.476,0.544616225323892,0.697583478022416,0.285378902069719
"597",0.4768,0.545032666654534,0.698190724744191,0.285161091193652
"598",0.4776,0.545448347022914,0.698796752125902,0.28494221648477
"599",0.4784,0.545863268512884,0.699401562615962,0.28472228085632
"600",0.4792,0.546277433200695,0.700005158657866,0.284501287210922
"601",0.48,0.546690843155032,0.700607542690203,0.284279238440617
"602",0.4808,0.547103500437045,0.701208717146667,0.284056137426914
"603",0.4816,0.547515407100388,0.701808684456062,0.283831987040841
"604",0.4824,0.54792656519125,0.702407447042318,0.283606790142991
"605",0.4832,0.548336976748388,0.703005007324496,0.283380549583567
"606",0.484,0.548746643803163,0.703601367716799,0.283153268202432
"607",0.4848,0.549155568379575,0.704196530628586,0.282924948829157
"608",0.4856,0.549563752494291,0.704790498464373,0.282695594283063
"609",0.4864,0.549971198156682,0.705383273623852,0.282465207373272
"610",0.4872,0.550377907368856,0.705974858501894,0.28223379089875
"611",0.488,0.550783882125691,0.706565255488562,0.282001347648354
"612",0.4888,0.551189124414863,0.707154466969119,0.281767880400878
"613",0.4896,0.551593636216885,0.70774249532404,0.281533391925098
"614",0.4904,0.551997419505136,0.708329342929019,0.281297884979818
"615",0.4912,0.552400476245893,0.708915012154979,0.28106136231391
"616",0.492,0.552802808398363,0.709499505368084,0.280823826666369
"617",0.4928,0.553204417914716,0.710082824929746,0.280585280766344
"618",0.4936,0.553605306740114,0.710664973196634,0.280345727333193
"619",0.4944,0.554005476812745,0.711245952520687,0.280105169076524
"620",0.4952,0.554404930063854,0.71182576524912,0.279863608696233
"621",0.496,0.554803668417772,0.712404413724435,0.279621048882557
"622",0.4968,0.55520169379195,0.712981900284431,0.279377492316109
"623",0.4976,0.555599008096986,0.713558227262211,0.279132941667926
"624",0.4984,0.555995613236659,0.714133396986196,0.278887399599508
"625",0.4992,0.556391511107956,0.71470741178013,0.278640868762865
"626",0.5,0.556786703601108,0.71528027396309,0.278393351800554
"627",0.5008,0.557181192599612,0.715851985849497,0.278144851345726
"628",0.5016,0.557574979980268,0.716422549749126,0.277895370022165
"629",0.5024,0.557968067613204,0.716991967967112,0.27764491044433
"630",0.5032,0.55836045736191,0.717560242803963,0.277393475217397
"631",0.504,0.558752151083263,0.718127376555567,0.277141066937299
"632",0.5048,0.55914315062756,0.718693371513202,0.276887688190768
"633",0.5056,0.559533457838543,0.719258229963544,0.276633341555375
"634",0.5064,0.559923074553432,0.719821954188679,0.276378029599574
"635",0.5072,0.560312002602953,0.72038454646611,0.276121754882735
"636",0.508,0.560700243811365,0.720946009068767,0.275864519955191
"637",0.5088,0.561087799996489,0.721506344265016,0.275606327358275
"638",0.5096,0.561474672969737,0.722065554318667,0.275347179624359
"639",0.5104,0.561860864536142,0.722623641488987,0.275087079276895
"640",0.5112,0.562246376494381,0.723180608030703,0.274826028830454
"641",0.512,0.562631210636809,0.723736456194017,0.274564030790763
"642",0.5128,0.563015368749481,0.724291188224612,0.274301087654747
"643",0.5136,0.563398852612185,0.724844806363661,0.274037201910567
"644",0.5144,0.563781663998465,0.725397312847838,0.273772376037654
"645",0.5152,0.564163804675651,0.725948709909326,0.273506612506756
"646",0.516,0.564545276404886,0.726498999775823,0.273239913779965
"647",0.5168,0.564926080941152,0.727048184670558,0.272972282310765
"648",0.5176,0.565306220033298,0.727596266812292,0.272703720544063
"649",0.5184,0.565685695424065,0.728143248415333,0.272434230916229
"650",0.5192,0.566064508850114,0.728689131689543,0.272163815855135
"651",0.52,0.566442662042055,0.729233918840344,0.271892477780186
"652",0.5208,0.566820156724467,0.729777612068732,0.271620219102365
"653",0.5216,0.567196994615931,0.730320213571284,0.271347042224261
"654",0.5224,0.56757317742905,0.730861725540163,0.271072949540114
"655",0.5232,0.56794870687048,0.731402150163134,0.270797943435845
"656",0.524,0.568323584640953,0.731941489623566,0.270522026289094
"657",0.5248,0.568697812435305,0.732479746100446,0.270245200469257
"658",0.5256,0.569071391942497,0.733016921768384,0.26996746833752
"659",0.5264,0.569444324845646,0.733553018797625,0.269688832246898
"660",0.5272,0.569816612822046,0.734088039354055,0.269409294542263
"661",0.528,0.570188257543196,0.73462198559921,0.269128857560389
"662",0.5288,0.570559260674823,0.735154859690289,0.268847523629977
"663",0.5296,0.570929623876908,0.735686663780156,0.268565295071698
"664",0.5304,0.571299348803711,0.736217400017354,0.268282174198223
"665",0.5312,0.571668437103793,0.736747070546111,0.267998163314258
"666",0.532,0.572036890420046,0.737275677506349,0.267713264716581
"667",0.5328,0.57240471038971,0.737803223033695,0.267427480694073
"668",0.5336,0.572771898644405,0.738329709259486,0.267140813527751
"669",0.5344,0.573138456810149,0.738855138310779,0.266853265490805
"670",0.5352,0.573504386507385,0.739379512310361,0.266564838848632
"671",0.536,0.573869689351003,0.739902833376756,0.266275535858866
"672",0.5368,0.574234366950368,0.740425103624235,0.265985358771411
"673",0.5376,0.574598420909338,0.740946325162822,0.265694309828478
"674",0.5384,0.574961852826291,0.741466500098305,0.265402391264616
"675",0.5392,0.575324664294147,0.741985630532243,0.265109605306743
"676",0.54,0.575686856900392,0.742503718561976,0.264815954174181
"677",0.5408,0.576048432227102,0.743020766280632,0.264521440078685
"678",0.5416,0.576409391850964,0.743536775777136,0.264226065224482
"679",0.5424,0.576769737343299,0.74405174913622,0.263929831808294
"680",0.5432,0.577129470270087,0.744565688438427,0.263632742019376
"681",0.544,0.577488592191989,0.745078595760124,0.263334798039547
"682",0.5448,0.577847104664367,0.745590473173509,0.26303600204322
"683",0.5456,0.57820500923731,0.746101322746619,0.262736356197434
"684",0.5464,0.578562307455654,0.746611146543338,0.262435862661885
"685",0.5472,0.578919000859005,0.747119946623405,0.262134523588958
"686",0.548,0.579275090981762,0.747627725042425,0.261832341123756
"687",0.5488,0.579630579353135,0.748134483851873,0.261529317404135
"688",0.5496,0.579985467497175,0.748640225099107,0.261225454560728
"689",0.5504,0.580339756932787,0.749144950827372,0.260920754716981
"690",0.5512,0.580693449173756,0.749648663075812,0.260615219989182
"691",0.552,0.58104654572877,0.750151363879475,0.260308852486489
"692",0.5528,0.581399048101435,0.750653055269324,0.260001654310962
"693",0.5536,0.581750957790307,0.751153739272242,0.259693627557593
"694",0.5544,0.582102276288901,0.751653417911043,0.259384774314334
"695",0.5552,0.582453005085722,0.752152093204481,0.259075096662129
"696",0.556,0.582803145664282,0.752649767167253,0.258764596674941
"697",0.5568,0.583152699503118,0.753146441810013,0.258453276419782
"698",0.5576,0.583501668075819,0.753642119139377,0.258141137956742
"699",0.5584,0.583850052851043,0.754136801157931,0.257828183339021
"700",0.5592,0.584197855292538,0.754630489864241,0.257514414612951
"701",0.56,0.584545076859161,0.755123187252859,0.257199833818031
"702",0.5608,0.584891719004902,0.755614895314333,0.256884442986953
"703",0.5616,0.585237783178904,0.756105616035214,0.256568244145631
"704",0.5624,0.585583270825477,0.756595351398062,0.256251239313229
"705",0.5632,0.585928183384126,0.757084103381457,0.255933430502186
"706",0.564,0.586272522289568,0.757571873960009,0.255614819718252
"707",0.5648,0.586616288971749,0.758058665104359,0.255295408960505
"708",0.5656,0.586959484855869,0.758544478781193,0.25497520022139
"709",0.5664,0.587302111362398,0.759029316953247,0.254654195486736
"710",0.5672,0.587644169907096,0.759513181579317,0.254332396735791
"711",0.568,0.587985661901034,0.759996074614264,0.254009805941247
"712",0.5688,0.588326588750612,0.760477998009026,0.253686425069264
"713",0.5696,0.58866695185758,0.760958953710622,0.253362256079502
"714",0.5704,0.589006752619055,0.761438943662162,0.253037300925146
"715",0.5712,0.58934599242754,0.761917969802853,0.252711561552929
"716",0.572,0.589684672670948,0.762396034068011,0.252385039903166
"717",0.5728,0.590022794732613,0.762873138389062,0.252057737909772
"718",0.5736,0.590360359991316,0.763349284693558,0.251729657500297
"719",0.5744,0.590697369821298,0.763824474905176,0.251400800595945
"720",0.5752,0.591033825592285,0.764298710943735,0.251071169111603
"721",0.576,0.5913697286695,0.764771994725195,0.250740764955868
"722",0.5768,0.591705080413684,0.765244328161671,0.250409590031071
"723",0.5776,0.592039882181118,0.765715713161437,0.250077646233304
"724",0.5784,0.592374135323635,0.766186151628938,0.249744935452444
"725",0.5792,0.592707841188641,0.766655645464792,0.24941145957218
"726",0.58,0.593041001119137,0.767124196565802,0.249077220470038
"727",0.5808,0.59337361645373,0.767591806824962,0.248742220017404
"728",0.5816,0.593705688526655,0.768058478131464,0.248406460079552
"729",0.5824,0.594037218667793,0.768524212370708,0.24806994251567
"730",0.5832,0.594368208202686,0.768989011424308,0.24773266917888
"731",0.584,0.594698658452559,0.769452877170098,0.247394641916265
"732",0.5848,0.595028570734335,0.769915811482145,0.247055862568896
"733",0.5856,0.595357946360649,0.770377816230748,0.246716332971853
"734",0.5864,0.595686786639874,0.770838893282454,0.246376054954252
"735",0.5872,0.59601509287613,0.771299044500061,0.246035030339266
"736",0.588,0.596342866369306,0.771758271742627,0.245693260944154
"737",0.5888,0.596670108415075,0.772216576865476,0.245350748580279
"738",0.5896,0.596996820304912,0.772673961720207,0.245007495053136
"739",0.5904,0.597323003326112,0.773130428154702,0.244663502162375
"740",0.5912,0.597648658761804,0.773585978013131,0.244318771701825
"741",0.592,0.59797378789097,0.774040613135962,0.243973305459516
"742",0.5928,0.598298391988463,0.774494335359967,0.243627105217702
"743",0.5936,0.59862247232502,0.774947146518229,0.243280172752888
"744",0.5944,0.59894603016728,0.775399048440152,0.242932509835849
"745",0.5952,0.599269066777803,0.775850042951465,0.242584118231655
"746",0.596,0.599591583415083,0.776300131874231,0.242234999699694
"747",0.5968,0.599913581333568,0.776749317026856,0.241885155993695
"748",0.5976,0.600235061783671,0.777197600224093,0.241534588861749
"749",0.5984,0.600556026011791,0.777644983277052,0.241183300046335
"750",0.5992,0.600876475260328,0.778091467993205,0.24083129128434
"751",0.6,0.601196410767697,0.778537056176396,0.240478564307079
"752",0.6008,0.601515833768345,0.778981749626847,0.240125120840323
"753",0.6016,0.601834745492769,0.779425550141163,0.239770962604319
"754",0.6024,0.602153147167529,0.779868459512345,0.23941609131381
"755",0.6032,0.602471040015265,0.78031047952979,0.239060508678057
"756",0.604,0.602788425254712,0.780751611979306,0.238704216400866
"757",0.6048,0.603105304100716,0.78119185864311,0.238347216180603
"758",0.6056,0.60342167776425,0.781631221299845,0.23798950971022
"759",0.6064,0.603737547452429,0.78206970172458,0.237631098677276
"760",0.6072,0.604052914368524,0.782507301688821,0.237271984763956
"761",0.608,0.60436777971198,0.782944022960515,0.236912169647096
"762",0.6088,0.604682144678429,0.783379867304061,0.236551654998201
"763",0.6096,0.604996010459706,0.783814836480315,0.236190442483469
"764",0.6104,0.605309378243863,0.784248932246595,0.235828533763809
"765",0.6112,0.605622249215188,0.784682156356693,0.235465930494865
"766",0.612,0.605934624554214,0.785114510560878,0.235102634327035
"767",0.6128,0.606246505437736,0.785545996605905,0.234738646905491
"768",0.6136,0.606557893038829,0.785976616235021,0.234373969870203
"769",0.6144,0.606868788526859,0.786406371187973,0.234008604855957
"770",0.6152,0.607179193067498,0.786835263201015,0.233642553492373
"771",0.616,0.607489107822742,0.787263294006914,0.233275817403933
"772",0.6168,0.60779853395092,0.787690465334957,0.232908398209992
"773",0.6176,0.608107472606712,0.788116778910961,0.232540297524807
"774",0.6184,0.608415924941164,0.788542236457275,0.232171516957548
"775",0.6192,0.608723892101701,0.788966839692791,0.231802058112328
"776",0.62,0.609031375232138,0.789390590332949,0.231431922588212
"777",0.6208,0.609338375472701,0.789813490089744,0.231061111979248
"778",0.6216,0.609644893960035,0.790235540671735,0.230689627874477
"779",0.6224,0.609950931827224,0.790656743784048,0.23031747185796
"780",0.6232,0.610256490203797,0.791077101128387,0.229944645508791
"781",0.624,0.610561570215749,0.791496614403039,0.229571150401122
"782",0.6248,0.610866172985551,0.791915285302878,0.229196988104179
"783",0.6256,0.611170299632167,0.792333115519379,0.228822160182283
"784",0.6264,0.611473951271063,0.792750106740617,0.228446668194869
"785",0.6272,0.611777129014224,0.79316626065128,0.228070513696503
"786",0.628,0.612079833970169,0.793581578932671,0.227693698236903
"787",0.6288,0.612382067243959,0.793996063262718,0.227316223360958
"788",0.6296,0.612683829937216,0.79440971531598,0.226938090608745
"789",0.6304,0.612985123148134,0.794822536763653,0.22655930151555
"790",0.6312,0.613285947971491,0.795234529273578,0.226179857611886
"791",0.632,0.613586305498667,0.795645694510246,0.225799760423509
"792",0.6328,0.61388619681765,0.796056034134807,0.225419011471441
"793",0.6336,0.614185623013056,0.796465549805074,0.225037612271984
"794",0.6344,0.614484585166138,0.796874243175531,0.22465556433674
"795",0.6352,0.6147830843548,0.797282115897343,0.224272869172631
"796",0.636,0.615081121653611,0.797689169618354,0.223889528281915
"797",0.6368,0.615378698133817,0.798095405983105,0.223505543162202
"798",0.6376,0.615675814863353,0.798500826632831,0.223120915306479
"799",0.6384,0.615972472906858,0.798905433205473,0.22273564620312
"800",0.6392,0.616268673325684,0.799309227335682,0.222349737335907
"801",0.64,0.616564417177914,0.799712210654827,0.221963190184049
"802",0.6408,0.61685970551837,0.800114384791002,0.221576006222198
"803",0.6416,0.617154539398626,0.800515751369031,0.221188186920468
"804",0.6424,0.617448919867025,0.800916312010476,0.220799733744448
"805",0.6432,0.617742847968686,0.801316068333642,0.220410648155227
"806",0.644,0.618036324745517,0.801715021953586,0.220020931609404
"807",0.6448,0.618329351236231,0.80211317448212,0.219630585559109
"808",0.6456,0.618621928476356,0.802510527527821,0.219239611452021
"809",0.6464,0.618914057498247,0.802907082696036,0.21884801073138
"810",0.6472,0.619205739331097,0.803302841588887,0.218455784836011
"811",0.648,0.619496975000951,0.803697805805282,0.218062935200335
"812",0.6488,0.619787765530719,0.804091976940914,0.217669463254389
"813",0.6496,0.620078111940185,0.804485356588276,0.217275370423841
"814",0.6504,0.62036801524602,0.804877946336662,0.216880658130009
"815",0.6512,0.620657476461796,0.805269747772172,0.216485327789875
"816",0.652,0.620946496597995,0.805660762477726,0.216089380816102
"817",0.6528,0.62123507666202,0.806050992033063,0.215692818617053
"818",0.6536,0.621523217658213,0.806440438014748,0.215295642596805
"819",0.6544,0.621810920587857,0.806829101996183,0.214897854155163
"820",0.6552,0.622098186449197,0.807216985547611,0.214499454687683
"821",0.656,0.622385016237444,0.80760409023612,0.214100445585681
"822",0.6568,0.622671410944793,0.807990417625652,0.213700828236253
"823",0.6576,0.622957371560429,0.808375969277009,0.213300604022291
"824",0.6584,0.62324289907054,0.808760746747859,0.212899774322497
"825",0.6592,0.623527994458332,0.809144751592742,0.2124983405114
"826",0.66,0.623812658704035,0.809527985363076,0.212096303959372
"827",0.6608,0.624096892784916,0.809910449607165,0.211693666032643
"828",0.6616,0.624380697675292,0.810292145870203,0.211290428093319
"829",0.6624,0.62466407434654,0.810673075694281,0.210886591499392
"830",0.6632,0.624947023767107,0.811053240618395,0.210482157604762
"831",0.664,0.625229546902522,0.811432642178449,0.210077127759247
"832",0.6648,0.625511644715408,0.811811281907264,0.209671503308605
"833",0.6656,0.625793318165489,0.812189161334584,0.209265285594539
"834",0.6664,0.626074568209608,0.812566281987078,0.208858475954725
"835",0.6672,0.626355395801729,0.812942645388354,0.208451075722815
"836",0.668,0.626635801892957,0.813318253058957,0.208043086228462
"837",0.6688,0.626915787431539,0.81369310651638,0.207634508797326
"838",0.6696,0.627195353362884,0.814067207275069,0.207225344751097
"839",0.6704,0.627474500629568,0.814440556846429,0.206815595407506
"840",0.6712,0.627753230171345,0.814813156738831,0.206405262080338
"841",0.672,0.62803154292516,0.815185008457616,0.205994346079452
"842",0.6728,0.628309439825157,0.815556113505101,0.205582848710791
"843",0.6736,0.62858692180269,0.81592647338059,0.205170771276398
"844",0.6744,0.628863989786337,0.816296089580374,0.204758115074431
"845",0.6752,0.629140644701903,0.816664963597739,0.204344881399178
"846",0.676,0.629416887472438,0.817033096922975,0.20393107154107
"847",0.6768,0.629692719018241,0.817400491043376,0.203516686786696
"848",0.6776,0.629968140256876,0.817767147443253,0.203101728418817
"849",0.6784,0.630243152103177,0.818133067603934,0.202686197716382
"850",0.6792,0.630517755469261,0.818498253003775,0.202270095954539
"851",0.68,0.630791951264538,0.81886270511816,0.201853424404652
"852",0.6808,0.631065740395719,0.819226425419514,0.201436184334313
"853",0.6816,0.631339123766829,0.819589415377304,0.201018377007358
"854",0.6824,0.631612102279216,0.819951676458045,0.200600003683879
"855",0.6832,0.631884676831558,0.82031321012531,0.200181065620238
"856",0.684,0.632156848319876,0.82067401783973,0.199761564069081
"857",0.6848,0.632428617637545,0.821034101059006,0.199341500279354
"858",0.6856,0.632699985675299,0.82139346123791,0.198920875496314
"859",0.6864,0.632970953321246,0.821752099828293,0.198499690961543
"860",0.6872,0.633241521460872,0.822110018279093,0.198077947912961
"861",0.688,0.633511690977058,0.822467218036336,0.197655647584842
"862",0.6888,0.633781462750081,0.822823700543145,0.197232791207825
"863",0.6896,0.634050837657633,0.823179467239745,0.196809380008929
"864",0.6904,0.63431981657482,0.823534519563471,0.196385415211564
"865",0.6912,0.634588400374181,0.823888858948769,0.195960898035547
"866",0.692,0.634856589925693,0.824242486827206,0.195535829697114
"867",0.6928,0.63512438609678,0.824595404627476,0.195110211408931
"868",0.6936,0.635391789752322,0.824947613775401,0.194684044380111
"869",0.6944,0.635658801754667,0.825299115693942,0.194257329816226
"870",0.6952,0.63592542296364,0.825649911803203,0.193830068919317
"871",0.696,0.636191654236548,0.826000003520436,0.193402262887911
"872",0.6968,0.636457496428195,0.826349392260046,0.192973912917029
"873",0.6976,0.636722950390886,0.8266980794336,0.192545020198204
"874",0.6984,0.63698801697444,0.827046066449829,0.192115585919491
"875",0.6992,0.637252697026198,0.827393354714635,0.19168561126548
"876",0.7,0.637516991391028,0.827739945631099,0.191255097417309
"877",0.7008,0.637780900911343,0.828085840599483,0.190824045552674
"878",0.7016,0.6380444264271,0.828431041017238,0.190392456845847
"879",0.7024,0.638307568775816,0.828775548279008,0.189960332467683
"880",0.7032,0.638570328792572,0.829119363776638,0.189527673585635
"881",0.704,0.638832707310026,0.829462488899178,0.189094481363768
"882",0.7048,0.639094705158419,0.829804925032886,0.188660756962765
"883",0.7056,0.639356323165586,0.830146673561241,0.188226501539948
"884",0.7064,0.639617562156961,0.83048773586494,0.187791716249284
"885",0.7072,0.63987842295559,0.830828113321911,0.187356402241397
"886",0.708,0.640138906382137,0.831167807307312,0.186920560663584
"887",0.7088,0.640399013254892,0.831506819193542,0.186484192659825
"888",0.7096,0.640658744389785,0.831845150350243,0.186047299370793
"889",0.7104,0.640918100600385,0.832182802144307,0.185609881933871
"890",0.7112,0.641177082697918,0.832519775939882,0.185171941483159
"891",0.712,0.641435691491269,0.832856073098375,0.184733479149485
"892",0.7128,0.641693927786994,0.833191694978463,0.184294496060425
"893",0.7136,0.641951792389327,0.83352664293609,0.183854993340303
"894",0.7144,0.642209286100188,0.833860918324481,0.183414972110214
"895",0.7152,0.642466409719193,0.834194522494142,0.182974433488026
"896",0.716,0.642723164043659,0.834527456792868,0.182533378588399
"897",0.7168,0.642979549868616,0.834859722565747,0.182091808522792
"898",0.7176,0.643235567986814,0.835191321155166,0.181649724399476
"899",0.7184,0.643491219188729,0.835522253900818,0.181207127323546
"900",0.7192,0.643746504262573,0.835852522139705,0.180764018396931
"901",0.72,0.644001423994304,0.836182127206142,0.180320398718405
"902",0.7208,0.64425597916763,0.836511070431769,0.179876269383602
"903",0.7216,0.64451017056402,0.836839353145549,0.179431631485023
"904",0.7224,0.644763998962711,0.837166976673778,0.178986486112049
"905",0.7232,0.645017465140715,0.837493942340088,0.17854083435095
"906",0.724,0.645270569872829,0.837820251465454,0.178094677284901
"907",0.7248,0.645523313931643,0.838145905368196,0.177648015993988
"908",0.7256,0.645775698087543,0.838470905363991,0.177200851555222
"909",0.7264,0.646027723108726,0.838795252765871,0.176753185042547
"910",0.7272,0.646279389761203,0.839118948884232,0.176305017526856
"911",0.728,0.646530698808808,0.83944199502684,0.175856350075996
"912",0.7288,0.646781651013207,0.839764392498834,0.175407183754782
"913",0.7296,0.647032247133902,0.840086142602731,0.174957519625007
"914",0.7304,0.647282487928243,0.840407246638436,0.174507358745454
"915",0.7312,0.647532374151434,0.840727705903241,0.174056702171906
"916",0.732,0.64778190655654,0.841047521691834,0.173605550957153
"917",0.7328,0.648031085894494,0.841366695296303,0.173153906151009
"918",0.7336,0.648279912914106,0.841685228006142,0.172701768800318
"919",0.7344,0.648528388362072,0.842003121108256,0.172249139948966
"920",0.7352,0.648776512982976,0.842320375886964,0.171796020637892
"921",0.736,0.649024287519304,0.842636993624008,0.171342411905096
"922",0.7368,0.649271712711445,0.842952975598556,0.170888314785652
"923",0.7376,0.649518789297706,0.843268323087207,0.170433730311718
"924",0.7384,0.64976551801431,0.843583037363997,0.169978659512544
"925",0.7392,0.650011899595414,0.843897119700404,0.169523103414484
"926",0.74,0.650257934773105,0.844210571365352,0.169067063041007
"927",0.7408,0.650503624277416,0.844523393625217,0.168610539412706
"928",0.7416,0.65074896883633,0.844835587743833,0.168153533547308
"929",0.7424,0.650993969175787,0.845147154982496,0.167696046459683
"930",0.7432,0.651238626019691,0.845458096599969,0.167238079161857
"931",0.744,0.651482940089917,0.845768413852489,0.166779632663019
"932",0.7448,0.651726912106321,0.846078107993767,0.166320707969533
"933",0.7456,0.651970542786741,0.846387180275,0.165861306084947
"934",0.7464,0.652213832847012,0.846695631944871,0.165401428010002
"935",0.7472,0.652456783000966,0.847003464249556,0.164941074742644
"936",0.748,0.652699393960443,0.847310678432729,0.164480247278032
"937",0.7488,0.652941666435294,0.847617275735566,0.164018946608546
"938",0.7496,0.653183601133396,0.847923257396752,0.163557173723802
"939",0.7504,0.653425198760648,0.848228624652483,0.163094929610658
"940",0.7512,0.653666460020988,0.848533378736474,0.162632215253222
"941",0.752,0.653907385616391,0.848837520879962,0.162169031632865
"942",0.7528,0.654147976246883,0.849141052311713,0.161705379728229
"943",0.7536,0.654388232610544,0.849443974258024,0.161241260515238
"944",0.7544,0.654628155403515,0.849746287942731,0.160776674967103
"945",0.7552,0.654867745320007,0.850047994587212,0.160311624054338
"946",0.756,0.655107003052303,0.850349095410391,0.159846108744762
"947",0.7568,0.655345929290771,0.850649591628747,0.159380130003515
"948",0.7576,0.655584524723865,0.850949484456315,0.158913688793065
"949",0.7584,0.655822790038135,0.851248775104693,0.158446786073213
"950",0.7592,0.656060725918232,0.851547464783044,0.15797942280111
"951",0.76,0.656298333046915,0.851845554698106,0.15751159993126
"952",0.7608,0.656535612105059,0.852143046054192,0.15704331841553
"953",0.7616,0.656772563771658,0.852439940053197,0.156574579203163
"954",0.7624,0.657009188723834,0.852736237894604,0.156105383240783
"955",0.7632,0.657245487636845,0.853031940775485,0.155635731472405
"956",0.764,0.657481461184087,0.853327049890509,0.155165624839444
"957",0.7648,0.657717110037103,0.853621566431949,0.154695064280727
"958",0.7656,0.657952434865592,0.85391549158968,0.154224050732495
"959",0.7664,0.65818743633741,0.85420882655119,0.153752585128419
"960",0.7672,0.658422115118579,0.854501572501582,0.153280668399605
"961",0.768,0.658656471873293,0.854793730623579,0.152808301474604
"962",0.7688,0.658890507263927,0.855085302097529,0.15233548527942
"963",0.7696,0.659124221951037,0.855376288101411,0.151862220737519
"964",0.7704,0.659357616593372,0.855666689810838,0.151388508769838
"965",0.7712,0.659590691847878,0.855956508399063,0.150914350294794
"966",0.772,0.659823448369704,0.856245745036981,0.150439746228292
"967",0.7728,0.660055886812208,0.856534400893138,0.149964697483734
"968",0.7736,0.660288007826964,0.856822477133733,0.149489204972025
"969",0.7744,0.660519812063768,0.857109974922623,0.149013269601586
"970",0.7752,0.660751300170642,0.857396895421328,0.14853689227836
"971",0.776,0.660982472793843,0.857683239789037,0.148060073905821
"972",0.7768,0.661213330577868,0.857969009182609,0.14758281538498
"973",0.7776,0.661443874165459,0.858254204756582,0.147105117614398
"974",0.7784,0.661674104197609,0.858538827663175,0.14662698149019
"975",0.7792,0.66190402131357,0.858822879052293,0.146148407906036
"976",0.78,0.662133626150857,0.859106360071532,0.145669397753189
"977",0.7808,0.662362919345254,0.859389271866186,0.14518995192048
"978",0.7816,0.662591901530821,0.859671615579245,0.144710071294331
"979",0.7824,0.662820573339897,0.859953392351407,0.144229756758762
"980",0.7832,0.663048935403111,0.86023460332108,0.143749009195395
"981",0.784,0.663276988349384,0.860515249624383,0.143267829483467
"982",0.7848,0.663504732805933,0.860795332395156,0.142786218499837
"983",0.7856,0.663732169398282,0.861074852764963,0.142304177118992
"984",0.7864,0.663959298750265,0.861353811863093,0.141821706213056
"985",0.7872,0.664186121484029,0.86163221081657,0.141338806651801
"986",0.788,0.664412638220045,0.861910050750154,0.140855479302649
"987",0.7888,0.66463884957711,0.862187332786346,0.140371725030685
"988",0.7896,0.664864756172353,0.862464058045394,0.139887544698663
"989",0.7904,0.665090358621244,0.862740227645295,0.139402939167013
"990",0.7912,0.665315657537593,0.863015842701803,0.138917909293849
"991",0.792,0.665540653533563,0.863290904328432,0.138432455934981
"992",0.7928,0.665765347219669,0.863565413636457,0.137946579943915
"993",0.7936,0.665989739204788,0.863839371734924,0.137460282171868
"994",0.7944,0.666213830096164,0.864112779730651,0.136973563467771
"995",0.7952,0.66643762049941,0.864385638728235,0.136486424678279
"996",0.796,0.666661111018517,0.864657949830054,0.135998866647777
"997",0.7968,0.666884302255859,0.864929714136271,0.135510890218391
"998",0.7976,0.667107194812198,0.865200932744843,0.135022496229989
"999",0.7984,0.667329789286689,0.86547160675152,0.134533685520196
"1000",0.7992,0.667552086276883,0.865741737249853,0.134044458924398
"1001",0.8,0.667774086378738,0.866011325331195,0.133554817275748
