"","Control","Infection","IC","IN"
"1",0.57616958924165,0.671176282888896,0.330893381934293,0.340282900954603
"2",0.576051970415445,0.671223096352062,0.330835656091237,0.340387440260824
"3",0.575932953931,0.671270466097113,0.330777239411402,0.340493226685711
"4",0.575812531097769,0.671318395582978,0.330718127456217,0.340600268126761
"5",0.575690693218204,0.671366888271361,0.330658315780215,0.340708572491145
"6",0.575567431587269,0.671415947626958,0.330597799930755,0.340818147696203
"7",0.575442737491922,0.671465577117641,0.33053657544772,0.340929001669921
"8",0.575316602210604,0.671515780214683,0.330474637863228,0.341041142351455
"9",0.575189017012706,0.671566560392952,0.330411982701323,0.341154577691629
"10",0.575059973158027,0.671617921131132,0.330348605477667,0.341269315653466
"11",0.574929461896229,0.671669865911948,0.330284501699226,0.341385364212722
"12",0.57479747446627,0.671722398222381,0.33021966686395,0.341502731358431
"13",0.574664002095829,0.671775521553897,0.330154096460443,0.341621425093454
"14",0.574529036000735,0.671829239402692,0.330087785967639,0.341741453435053
"15",0.574392567384359,0.671883555269906,0.330020730854454,0.341862824415452
"16",0.574254587437022,0.671938472661882,0.32995292657945,0.341985546082432
"17",0.574115087335371,0.671993995090398,0.329884368590484,0.342109626499914
"18",0.573974058241764,0.672050126072929,0.329815052324356,0.342235073748573
"19",0.573831491303626,0.672106869132886,0.329744973206445,0.342361895926441
"20",0.573687377652806,0.672164227799877,0.329674126650345,0.342490101149532
"21",0.57354170840493,0.672222205609979,0.329602508057496,0.342619697552483
"22",0.57339447465872,0.672280806105982,0.329530112816804,0.342750693289178
"23",0.57324566749533,0.672340032837678,0.329456936304262,0.342883096533417
"24",0.573095277977657,0.672399889362132,0.329382973882562,0.34301691547957
"25",0.572943297149631,0.672460379243926,0.329308220900689,0.343152158343237
"26",0.572789716035539,0.672521506055506,0.329232672693549,0.343288833361957
"27",0.572634525639272,0.672583273377402,0.329156324581538,0.343426948795864
"28",0.572477716943625,0.672645684798559,0.329079171870146,0.343566512928413
"29",0.572319280909541,0.672708743916602,0.32900120984953,0.343707534067072
"30",0.572159208475376,0.672772454338161,0.328922433794108,0.343850020544054
"31",0.57199749055613,0.672836819679137,0.328842838962108,0.343993980717029
"32",0.571834118042711,0.67290184356509,0.328762420595183,0.344139422969907
"33",0.571669081801092,0.672967529631408,0.328681173917898,0.34428635571351
"34",0.571502372671586,0.673033881523748,0.32859909413735,0.344434787386398
"35",0.571333981468019,0.673100902898303,0.32851617644269,0.344584726455613
"36",0.571163898976921,0.673168597422121,0.32843241600467,0.344736181417451
"37",0.570992115956716,0.67323696877345,0.328347807975187,0.344889160798262
"38",0.570818623136876,0.673306020642041,0.328262347486804,0.345043673155237
"39",0.570643411217098,0.673375756729512,0.328176029652288,0.345199727077224
"40",0.570466470866445,0.673446180749673,0.328088849564127,0.345357331185546
"41",0.570287792722483,0.67351729642886,0.328000802294037,0.345516494134824
"42",0.570107367390413,0.673589107506306,0.327911882892484,0.345677224613822
"43",0.569925185442179,0.673661617734456,0.32782208638817,0.345839531346286
"44",0.569741237415593,0.673734830879367,0.327731407787547,0.34600342309182
"45",0.56955551381341,0.673808750721029,0.327639842074292,0.346168908646738
"46",0.56936800510243,0.673883381053759,0.3275473842088,0.346335996844959
"47",0.569178701712559,0.673958725686547,0.327454029127658,0.346504696558889
"48",0.568987594035876,0.674034788443433,0.327359771743112,0.346675016700321
"49",0.568794672425681,0.674111573163884,0.327264606942534,0.346846966221351
"50",0.568599927195577,0.674189083703253,0.327168529587915,0.347020554115338
"51",0.568403348618403,0.674267323932971,0.327071534515227,0.347195789417744
"52",0.568204926925353,0.674346297741154,0.32697361653397,0.347372681207184
"53",0.568004652304926,0.674426009032865,0.326874770426545,0.347551238606321
"54",0.56780251490194,0.674506461730572,0.326774990947713,0.347731470782859
"55",0.567598504816505,0.674587659774523,0.32667427282401,0.347913386950512
"56",0.567392612103005,0.674669607123183,0.326572610753173,0.34809699637001
"57",0.567184826769042,0.674752307753615,0.326469999403534,0.348282308350082
"58",0.566975138774398,0.674835765661932,0.326366433413444,0.348469332248489
"59",0.566763538029958,0.6749199848637,0.326261907390655,0.348658077473045
"60",0.566550014396631,0.67500496939436,0.326156415911709,0.348848553482651
"61",0.566334557684292,0.675090723309734,0.326049953521351,0.349040769788383
"62",0.566117157650609,0.675177250686324,0.325942514731837,0.349234735954487
"63",0.565897803999998,0.675264555621892,0.325834094022366,0.349430461599526
"64",0.565676486382452,0.675352642235839,0.325724685838405,0.349627956397434
"65",0.565453194392414,0.675441514669684,0.325614284591049,0.349827230078635
"66",0.565227917567617,0.675531177087516,0.325502884656364,0.350028292431152
"67",0.56500064538791,0.675621633676454,0.325390480374715,0.350231153301739
"68",0.56477136727408,0.675712888647133,0.325277066050104,0.350435822597029
"69",0.56454007258665,0.675804946234169,0.325162635949478,0.350642310284692
"70",0.564306750624671,0.675897810696648,0.325047184302043,0.350850626394605
"71",0.564071390624489,0.675991486318609,0.324930705298568,0.351060781020041
"72",0.563833981758514,0.676085977409547,0.324813193090673,0.351272784318874
"73",0.563594513133949,0.676181288304897,0.324694641790112,0.351486646514786
"74",0.563352973791528,0.676277423366554,0.324575045468048,0.351702377898506
"75",0.563109352704235,0.676374386983387,0.324454398154327,0.351919988829061
"76",0.562863638775986,0.676472183571747,0.32433269383672,0.352139489735027
"77",0.562615820840319,0.67657081757599,0.324209926460175,0.352360891115815
"78",0.562365887659065,0.676670293469028,0.324086089926062,0.352584203542966
"79",0.562113827920985,0.676770615752841,0.323961178091383,0.352809437661458
"80",0.561859630240408,0.67687178895904,0.323835184768005,0.353036604191034
"81",0.561603283155849,0.676973817649413,0.323708103721859,0.353265713927554
"82",0.561344775128607,0.677076706416488,0.323579928672139,0.353496777744349
"83",0.561084094541323,0.677180459884052,0.323450653290468,0.353729806593584
"84",0.560821229696587,0.677285082707825,0.32332027120012,0.353964811507706
"85",0.560556168815443,0.677390579575943,0.323188775975137,0.354201803600806
"86",0.560288900035936,0.677496955209599,0.323056161139509,0.35444079407009
"87",0.560019411411578,0.677604214363551,0.322922420166276,0.354681794197274
"88",0.559747690909912,0.677712361826883,0.322787546476729,0.354924815350154
"89",0.559473726410925,0.677821402423512,0.322651533439481,0.355169868984031
"90",0.559197505705477,0.677931341012744,0.322514374369545,0.355416966643199
"91",0.558919016493784,0.678042182490036,0.322376062527491,0.355666119962546
"92",0.558638246383796,0.678153931787569,0.322236591118497,0.355917340669072
"93",0.558355182889551,0.678266593874806,0.322095953291382,0.356170640583424
"94",0.558069813429623,0.678380173759354,0.321954142137753,0.3564260316216
"95",0.55778212532538,0.678494676487411,0.321811150690956,0.356683525796455
"96",0.557492105799343,0.678610107144542,0.321666971925146,0.356943135219395
"97",0.557199741973473,0.678726470856328,0.321521598754298,0.357204872102031
"98",0.556905020867452,0.678843772789074,0.321375024031205,0.357468748757868
"99",0.556607929396924,0.678962018150479,0.321227240546468,0.357734777604011
"100",0.556308454371726,0.679081212190358,0.321078241027459,0.358002971162899
"101",0.556006582494086,0.679201360201358,0.32092801813729,0.358273342064069
"102",0.555702300356799,0.67932246751968,0.320776564473745,0.358545903045935
"103",0.55539559444138,0.679444539525818,0.320623872568213,0.358820666957605
"104",0.555086451116183,0.679567581645298,0.320469934884591,0.359097646760707
"105",0.554774856634502,0.679691599349451,0.320314743818186,0.359376855531265
"106",0.554460797132635,0.679816598156165,0.320158291694586,0.35965830646158
"107",0.554144258627933,0.679942583630673,0.320000570768523,0.359942012862151
"108",0.55382522701681,0.680069561386343,0.319841573222718,0.360227988163625
"109",0.553503688072728,0.680197537085482,0.319681291166708,0.360516245918775
"110",0.553179627444147,0.68032651644014,0.319519716635645,0.360806799804495
"111",0.552853030652458,0.680456505212949,0.319356841589098,0.361099663623851
"112",0.552523883089874,0.680587509217961,0.319192657909819,0.361394851308143
"113",0.552192170017285,0.680719534321482,0.319027157402487,0.361692376918995
"114",0.551857876562094,0.680852586442947,0.31886033179245,0.361992254650498
"115",0.551520987716019,0.680986671555814,0.318692172724438,0.362294498831376
"116",0.551181488332848,0.681121795688419,0.318522671761245,0.362599123927174
"117",0.550839363126168,0.681257964924909,0.318351820382411,0.362906144542498
"118",0.550494596667068,0.681395185406142,0.318179609982862,0.36321557542328
"119",0.550147173381786,0.681533463330631,0.318006031871548,0.363527431459083
"120",0.549797077549341,0.681672804955484,0.31783107727004,0.363841727685445
"121",0.549444293299111,0.681813216597368,0.317654737311117,0.364158479286251
"122",0.549088804608378,0.681954704633482,0.317477003037328,0.364477701596154
"123",0.54873059529984,0.68209727550255,0.317297865399521,0.364799410103029
"124",0.54836964903908,0.68224093570584,0.317117315255367,0.365123620450473
"125",0.548005949331983,0.682385691808168,0.316935343367832,0.365450348440336
"126",0.547639479522127,0.682531550438954,0.316751940403651,0.365779610035303
"127",0.547270222788129,0.682678518293282,0.316567096931761,0.366111421361521
"128",0.546898162140937,0.682826602132961,0.316380803421705,0.366445798711256
"129",0.546523280421084,0.682975808787628,0.316193050242021,0.366782758545607
"130",0.546145560295904,0.683126145155859,0.316003827658593,0.367122317497266
"131",0.545764984256685,0.683277618206295,0.31581312583298,0.367464492373315
"132",0.545381534615789,0.68343023497879,0.315620934820708,0.367809300158081
"133",0.544995193503718,0.683584002585585,0.315427244569546,0.368156758016039
"134",0.544605942866124,0.68373892821249,0.315232044917736,0.368506883294754
"135",0.544213764460781,0.683895019120088,0.3150353255922,0.368859693527888
"136",0.543818639854495,0.684052282644978,0.314837076206721,0.369215206438256
"137",0.543420550419964,0.68421072620101,0.314637286260079,0.369573439940931
"138",0.543019477332579,0.684370357280565,0.314435945134161,0.369934412146404
"139",0.542615401567181,0.684531183455848,0.314233042092038,0.37029814136381
"140",0.542208303894746,0.6846932123802,0.314028566276002,0.370664646104199
"141",0.541798164879022,0.684856451789444,0.313822506705573,0.371033945083871
"142",0.541384964873101,0.685020909503243,0.313614852275467,0.371406057227776
"143",0.540968684015933,0.685186593426495,0.313405591753525,0.37178100167297
"144",0.540549302228775,0.685353511550736,0.313194713778606,0.37215879777213
"145",0.540126799211577,0.685521671955592,0.312982206858442,0.37253946509715
"146",0.539701154439301,0.685691082810227,0.312768059367446,0.372923023442781
"147",0.539272347158177,0.685861752374856,0.312552259544495,0.373309492830361
"148",0.538840356381881,0.68603368900224,0.312334795490647,0.373698893511593
"149",0.538405160887648,0.686206901139242,0.312115655166833,0.374091245972409
"150",0.537966739212327,0.686381397328427,0.311894826391511,0.374486570936916
"151",0.537525069648328,0.686557186209621,0.311672296838245,0.374884889371376
"152",0.537080130239525,0.686734276521582,0.311448054033268,0.375286222488314
"153",0.536631898777067,0.686912677103655,0.311222085352986,0.375690591750669
"154",0.536180352795111,0.687092396897468,0.310994378021431,0.376098018876037
"155",0.535725469566478,0.687273444948665,0.310764919107665,0.376508525840999
"156",0.535267226098216,0.68745583040867,0.310533695523142,0.376922134885529
"157",0.534805599127088,0.687639562536482,0.310300694018999,0.377338868517483
"158",0.534340565114964,0.687824650700509,0.310065901183317,0.377758749517192
"159",0.533872100244134,0.688011104380441,0.309829303438307,0.378181800942133
"160",0.533400180412511,0.68819893316915,0.309590887037453,0.378608046131697
"161",0.532924781228755,0.688388146774622,0.309350638062581,0.379037508712041
"162",0.532445878007299,0.688578755021969,0.309108542420897,0.379470212601072
"163",0.531963445763265,0.688770767855414,0.308864585841929,0.379906182013485
"164",0.53147745920729,0.688964195340386,0.308618753874439,0.380345441465947
"165",0.530987892740234,0.689159047665575,0.308371031883238,0.380788015782336
"166",0.530494720447805,0.689355335145151,0.308121405045984,0.381233930099167
"167",0.529997916095041,0.689553068220875,0.307869858349847,0.381683209871029
"168",0.52949745312071,0.689752257464396,0.307616376588169,0.382135880876227
"169",0.528993304631566,0.689952913579478,0.307360944357007,0.382591969222471
"170",0.528485443396516,0.690155047404366,0.307103546051626,0.383051501352739
"171",0.527973841840647,0.690358669914166,0.306844165862926,0.38351450405124
"172",0.527458472039121,0.690563792223228,0.306582787773751,0.383981004449477
"173",0.526939305710966,0.690770425587675,0.306319395555175,0.3844510300325
"174",0.526416314212704,0.69097858140788,0.306053972762655,0.384924608645224
"175",0.525889468531878,0.691188271231093,0.305786502732146,0.385401768498947
"176",0.525358739280414,0.691399506754064,0.305516968576098,0.385882538177966
"177",0.52482409668785,0.691612299825733,0.305245353179381,0.386366946646351
"178",0.524285510594417,0.691826662449985,0.304971639195117,0.386855023254868
"179",0.523742950443968,0.692042606788464,0.304695809040416,0.387346797748048
"180",0.523196385276769,0.692260145163474,0.304417844892034,0.38784230027144
"181",0.522645783722092,0.692479290060862,0.304137728681897,0.388341561378965
"182",0.522091113990686,0.692700054133054,0.303855442092563,0.388844612040491
"183",0.521532343867071,0.692922450202159,0.303570966552576,0.389351483649583
"184",0.520969440701629,0.693146491263029,0.303284283231677,0.389862208031352
"185",0.520402371402564,0.693372190486547,0.30299537303596,0.390376817450587
"186",0.51983110242764,0.693599561222831,0.302704216602865,0.390895344619966
"187",0.519255599775764,0.693828617004668,0.302410794296104,0.391417822708564
"188",0.518675828978354,0.694059371550898,0.302115086200431,0.391944285350466
"189",0.518091755090518,0.694291838769945,0.301817072116312,0.392474766653633
"190",0.51750334268202,0.694526032763375,0.301516731554445,0.39300930120893
"191",0.516910555828062,0.694761967829628,0.301214043730194,0.393547924099434
"192",0.516313358099817,0.694999658467738,0.300908987557847,0.394090670909891
"193",0.515711712554761,0.695239119381184,0.300601541644754,0.39463757773643
"194",0.515105581726783,0.695480365481877,0.300291684285346,0.395188681196532
"195",0.514494927616026,0.695723411894119,0.299979393454961,0.395744018439159
"196",0.513879711678534,0.695968273958795,0.29966464680357,0.396303627155225
"197",0.513259894815608,0.696214967237568,0.29934742164932,0.396867545588248
"198",0.512635437362934,0.696463507517241,0.299027694971935,0.397435812545307
"199",0.512006299079431,0.696713910814152,0.298705443405935,0.398008467408217
"200",0.511372439135839,0.696966193378774,0.298380643233722,0.398585550145052
"201",0.510733816103005,0.697220371700295,0.29805327037844,0.399167101321855
"202",0.510090387939918,0.697476462511472,0.297723300396721,0.399753162114751
"203",0.509442111981411,0.697734482793462,0.297390708471195,0.400343774322267
"204",0.508788944925575,0.697994449780869,0.297055469402841,0.400938980378028
"205",0.508130842820845,0.698256380966824,0.296717557603118,0.401538823363706
"206",0.507467761052788,0.69852029410835,0.296376947085942,0.402143347022408
"207",0.506799654330509,0.69878620723164,0.296033611459383,0.402752595772257
"208",0.506126476672764,0.699054138637709,0.295687523917229,0.403366614720481
"209",0.505448181393671,0.69932410690799,0.295338657230262,0.403985449677728
"210",0.504764721088081,0.699596130910216,0.294986983737354,0.404609147172863
"211",0.504076047616558,0.699870229804358,0.294632475336295,0.405237754468063
"212",0.503382112089966,0.700146423048775,0.294275103474401,0.405871319574374
"213",0.502682864853655,0.700424730406508,0.293914839138859,0.406509891267649
"214",0.501978255471234,0.700705171951747,0.293551652846824,0.407153519104923
"215",0.501268232707901,0.700987768076461,0.293185514635243,0.407802253441219
"216",0.500552744513333,0.701272539497182,0.292816394050394,0.408456145446788
"217",0.499831738004127,0.701559507262045,0.292444260137169,0.409115247124876
"218",0.49910515944574,0.701848692757913,0.292069081428024,0.409779611329889
"219",0.498372954233975,0.702140117717821,0.291690825931668,0.410449291786153
"220",0.497635066875922,0.702433804228496,0.291309461121398,0.411124343107098
"221",0.496891440970396,0.702729774738151,0.29092495392313,0.41180482081502
"222",0.496142019187839,0.703028052064542,0.290537270703107,0.412490781361435
"223",0.495386743249639,0.703328659403129,0.290146377255223,0.413182282147906
"224",0.49462555390689,0.703631620335563,0.289752238788021,0.413879381547542
"225",0.493858390918544,0.703936958838386,0.289354819911309,0.414582138927076
"226",0.493085193028945,0.704244699291957,0.288954084622384,0.415290614669573
"227",0.492305897944718,0.704554866489659,0.288549996291866,0.416004870197793
"228",0.491520442311,0.704867485647363,0.288142517649121,0.416724967998242
"229",0.490728761686976,0.705182582413141,0.287731610767248,0.417450971645892
"230",0.489930790520714,0.705500182877328,0.287317237047642,0.418182945829686
"231",0.489126462123251,0.705820313582788,0.286899357204075,0.418920956378713
"232",0.488315708641922,0.706143001535552,0.286477931246321,0.41966507028923
"233",0.487498461032902,0.706468274215768,0.286052918463295,0.420415355752473
"234",0.486674649032914,0.706796159588891,0.285624277405646,0.421171882183245
"235",0.485844201130107,0.707126686117365,0.285191965867876,0.421934720249488
"236",0.485007044534037,0.707459882772521,0.284755940869871,0.422703941902651
"237",0.484163105144736,0.707795779046873,0.284316158637866,0.423479620409006
"238",0.483312307520845,0.708134404966823,0.283872574584846,0.424261830381977
"239",0.482454574846757,0.70847579110577,0.283425143290316,0.425050647815454
"240",0.481589828898729,0.708819968597523,0.28297381847943,0.425846150118093
"241",0.480717990009956,0.709166969150263,0.282518553001482,0.426648416148781
"242",0.479838977034531,0.709516825060884,0.2820592988077,0.427457526253185
"243",0.478952707310264,0.709869569229744,0.281596006928318,0.428273562301426
"244",0.478059096620323,0.710225235175997,0.281128627448938,0.429096607727059
"245",0.477158059153633,0.710583857053283,0.280657109486088,0.429926747567195
"246",0.476249507464004,0.710945469666065,0.280181401162018,0.430764068504047
"247",0.47533335242792,0.711310108486398,0.279701449578638,0.43160865890776
"248",0.474409503200943,0.711677809671265,0.279217200790604,0.432460608880662
"249",0.473477867172686,0.712048610080524,0.278728599777506,0.433320010303018
"250",0.472538349920278,0.712422547295417,0.27823559041512,0.434186956880297
"251",0.471590855160276,0.712799659637705,0.277738115445682,0.435061544192023
"252",0.470635284698949,0.713179986189477,0.277236116447161,0.435943869742315
"253",0.469671538380879,0.713563566813578,0.276729533801461,0.436834033012117
"254",0.468699514035795,0.713950442174807,0.276218306661537,0.43773213551327
"255",0.467719107423574,0.71434065376176,0.275702372917351,0.438638280844409
"256",0.466730212177336,0.714734243909519,0.275181669160651,0.439552574748868
"257",0.465732719744539,0.71513125582307,0.274656130648486,0.440475125174585
"258",0.464726519326002,0.715531733601593,0.274125691265434,0.441406042336158
"259",0.463711497812754,0.715935722263581,0.273590283484472,0.442345438779109
"260",0.462687539720629,0.716343267772888,0.273049838326424,0.443293429446464
"261",0.461654527122491,0.716754417065676,0.272504285317936,0.44425013174774
"262",0.460612339578002,0.717169218078408,0.271953552447912,0.445215665630496
"263",0.459560854060809,0.717587719776792,0.27139756612233,0.446190153654463
"264",0.458499944883042,0.718009972185851,0.270836251117373,0.447173721068478
"265",0.457429483616997,0.718436026421098,0.270269530530807,0.448166495890291
"266",0.456349339013889,0.718865934720841,0.2696973257315,0.44916860898934
"267",0.455259376919514,0.719299750479794,0.269119556307032,0.450180194172762
"268",0.454159460186701,0.7197375282839,0.268536140009272,0.451201388274628
"269",0.4530494485844,0.72017932394651,0.267946992697846,0.452232331248664
"270",0.451929198703232,0.720625194545979,0.267352028281399,0.453273166264579
"271",0.450798563857353,0.721075198464738,0.266751158656529,0.454324039808208
"272",0.449657393982441,0.721529395429873,0.266144293644294,0.455385101785579
"273",0.448505535529628,0.721987846555374,0.265531340924175,0.456456505631199
"274",0.447342831355175,0.722450614386002,0.264912205965354,0.457538408420647
"275",0.446169120605678,0.722917762943012,0.264286791955203,0.458630970987808
"276",0.444984238598591,0.723389357771707,0.263654999724812,0.459734358046895
"277",0.443788016697826,0.72386546599092,0.263016727671431,0.460848738319489
"278",0.442580282184186,0.7243461563446,0.262371871677659,0.461974284666941
"279",0.441360858120358,0.724831499255575,0.261720325027224,0.463111174228351
"280",0.440129563210202,0.725321566881511,0.261061978317153,0.464259588564358
"281",0.438886211652031,0.72581643317332,0.260396719366174,0.465419713807146
"282",0.437630612985562,0.726316173936094,0.259724433119138,0.466591740816956
"283",0.436362571932217,0.726820866892648,0.25904500154724,0.467775865345408
"284",0.435081888228411,0.727330591749888,0.258358303543836,0.468972288206053
"285",0.433788356451453,0.727845430268078,0.257664214815593,0.470181215452485
"286",0.432481765837653,0.728365466333269,0.256962607768742,0.471402858564527
"287",0.431161900092212,0.728890786032952,0.256253351390142,0.47263743464281
"288",0.429828537190452,0.729421477735146,0.255536311122877,0.473885166612269
"289",0.428481449169862,0.729957632171205,0.254811348736078,0.475146283435128
"290",0.4271204019125,0.730499342522392,0.254078322188642,0.47642102033375
"291",0.42574515491714,0.731046704510592,0.253337085486495,0.477709619024097
"292",0.424355461060615,0.731599816493287,0.252587488533024,0.479012327960263
"293",0.422951066347716,0.732158779563099,0.251829376972283,0.480329402590816
"294",0.421531709648957,0.732723697652156,0.25106259202454,0.481661105627617
"295",0.42009712242551,0.733294677641583,0.250286970313711,0.483007707327873
"296",0.418647028440506,0.733871829476412,0.24950234368619,0.484369485790221
"297",0.41718114345592,0.734455266286204,0.248708539020548,0.485746727265656
"298",0.415699174914107,0.735045104511793,0.247905378027533,0.48713972648426
"299",0.41420082160305,0.735641464038581,0.247092677039781,0.488548786998801
"300",0.412685773304325,0.736244468336586,0.246270246790564,0.489974221546022
"301",0.411153710422651,0.736854244607899,0.245437892180905,0.491416352426994
"302",0.409604303595841,0.737470923941953,0.244595412034275,0.492875511907677
"303",0.408037213283914,0.738094641479039,0.243742598838101,0.494352042640938
"304",0.406452089335962,0.738725536582702,0.242879238471169,0.495846298111534
"305",0.404848570533318,0.739363753021564,0.24200510991602,0.497358643105544
"306",0.403226284107403,0.740009439161234,0.241119984955301,0.498889454205933
"307",0.40158484523056,0.740662748166939,0.240223627850974,0.500439120315965
"308",0.399923856477978,0.741323838217723,0.239315795005205,0.502008043212518
"309",0.39824290725872,0.741992872732849,0.238396234601642,0.503596638131207
"310",0.396541573213633,0.74267002061149,0.237464686225684,0.505205334385805
"311",0.394819415577804,0.74335545648645,0.236520880462245,0.506834576024205
"312",0.393075980504979,0.744049360993043,0.235564538469355,0.508484822523688
"313",0.391310798351125,0.744751921054281,0.23459537152583,0.510156549528451
"314",0.38952338291414,0.745463330183428,0.233613080551063,0.511850249632365
"315",0.387713230626352,0.746183788805431,0.232617355594826,0.513566433210605
"316",0.385879819696236,0.746913504598515,0.231607875294779,0.515305629303736
"317",0.384022609195398,0.747652692857553,0.23058430629918,0.517068386558373
"318",0.382141038086493,0.748401576881,0.229546302652023,0.518855274228977
"319",0.380234524187429,0.749160388383111,0.228493505137635,0.520666883245476
"320",0.378302463066623,0.749929367933685,0.227425540581399,0.522503827352286
"321",0.376344226863746,0.750708765427366,0.226342021103017,0.524366744324348
"322",0.374359163029632,0.751498840585222,0.225242543318323,0.5262562972669
"323",0.372346592978632,0.752299863491094,0.224126687485294,0.528173176005799
"324",0.370305810645812,0.753112115165851,0.222994016589443,0.530118098576408
"325",0.368236080940736,0.753935888182791,0.221844075363279,0.532091812819512
"326",0.366136638088654,0.754771487327901,0.220676389233992,0.53409509809391
"327",0.364006683848999,0.755619230308856,0.219490463192863,0.536128767115993
"328",0.361845385599899,0.756479448517454,0.218285780579215,0.538193667938239
"329",0.359651874276329,0.757352487850218,0.217061801770942,0.540290686079275
"330",0.357425242147989,0.758238709592842,0.215817962772727,0.542420746820114
"331",0.355164540421537,0.759138491374511,0.214553673692097,0.544584817682414
"332",0.352868776649959,0.760052228199019,0.213268317092282,0.546783911106737
"333",0.350536911929877,0.760980333560245,0.211961246209573,0.549019087350672
"334",0.348167857865277,0.761923240650634,0.210631783021378,0.551291457629257
"335",0.345760473273527,0.762881403672225,0.209279216149521,0.553602187522704
"336",0.343313560606555,0.763855299261072,0.207902798581356,0.555952500679717
"337",0.340825862056646,0.764845428037157,0.206501745189122,0.558343682848035
"338",0.338296055312333,0.765852316293601,0.205075230025373,0.560777086268229
"339",0.335722748925372,0.766876517840648,0.203622383369444,0.563254134471204
"340",0.333104477244499,0.76791861602209,0.202142288496508,0.565776327525582
"341",0.330439694865645,0.768979225924124,0.2006339781369,0.568345247787224
"342",0.327726770541194,0.770058996799547,0.199096430588826,0.570962566210721
"343",0.324963980482768,0.771158614733222,0.19752856544235,0.573630049290872
"344",0.32214950098202,0.772278805579298,0.195929238866157,0.576349566713142
"345",0.319281400263643,0.773420338203528,0.194297238401845,0.579123099801683
"346",0.316357629470175,0.774584028071573,0.192631277201279,0.581952750870294
"347",0.313376012663834,0.775770741228322,0.190929987633098,0.584840753595225
"348",0.310334235711387,0.776981398721835,0.189191914172198,0.587789484549637
"349",0.307229833896302,0.778216981533812,0.187415505471934,0.590801476061878
"350",0.304060178076019,0.779478536089147,0.185599105501777,0.59387943058737
"351",0.300822459170722,0.780767180429562,0.183740943612871,0.59702623681669
"352",0.297513670731918,0.782084111151472,0.18183912336936,0.600244987782113
"353",0.294130589293076,0.783430611226639,0.179891609953664,0.603539001272975
"354",0.290669752148599,0.784808058846327,0.177896215917739,0.606911842928588
"355",0.287127432138696,0.786217937457237,0.175850585008022,0.610367352449214
"356",0.283499608933728,0.787661847190555,0.173752173737494,0.613909673453062
"357",0.279781936206776,0.789141517927652,0.171598230310659,0.617543287616992
"358",0.275969703953727,0.790658824297022,0.169385770423562,0.621273053873459
"359",0.272057795056903,0.792215802962424,0.167111549355508,0.625104253606916
"360",0.268040634983009,0.79381467264358,0.164772029636489,0.629042643007091
"361",0.263912133244531,0.795457857415113,0.162363343405227,0.633094514009886
"362",0.259665614918609,0.797148013962742,0.159881248356049,0.637266765606692
"363",0.255293740084358,0.798888063648018,0.157321075892772,0.641566987755246
"364",0.250788408474073,0.80068123045808,0.154677669741979,0.646003560716101
"365",0.246140645889081,0.802531086213301,0.151945312796253,0.650585773417048
"366",0.241340467939334,0.804441604800267,0.149117639316198,0.655323965484069
"367",0.236376715329991,0.806417227729358,0.146187528755393,0.660229698973965
"368",0.231236853096789,0.808462944041076,0.143146976293161,0.665315967747914
"369",0.225906723674569,0.810584388587235,0.139986933529763,0.670597455057472
"370",0.22037024015221,0.812787964118523,0.136697110511355,0.676090853607169
"371",0.214609001033686,0.815080994613461,0.133265726990914,0.681815267622547
"372",0.208601800521959,0.817471920190265,0.129679196098601,0.687792724091664
"373",0.202323997534453,0.819970548244995,0.125921716589363,0.694048831655632
"374",0.195746690311266,0.822588381965668,0.121974739236604,0.700613642729064
"375",0.188835618133375,0.825339057459351,0.117816256505125,0.707522800954226
"376",0.181549671273905,0.828238936806407,0.113419838434527,0.71481909837188
"377",0.173838823854692,0.8313079308041,0.108753294550023,0.722554636254077
"378",0.165641190918958,0.834570670281013,0.103776768049698,0.730793902231315
"379",0.156878709297901,0.838058225155062,0.0984399375670935,0.739618287587969
"380",0.147450564503456,0.841810720595637,0.0926777568040877,0.74913296379155
"381",0.137222736610924,0.845881497866296,0.0864036757224489,0.759477822143848
"382",0.126010437482849,0.850344104484437,0.07949824722041,0.770845857264027
"383",0.113546463386117,0.855304890194588,0.0717885877035791,0.783516302491009
"384",0.099418592974816,0.860927923194097,0.0630077294768848,0.797920193717213
"385",0.0829283786773864,0.867491192566203,0.0527028914176227,0.81478830114858
"386",0.0627012655402558,0.875541784859598,0.0399820903192723,0.835559694540326
"387",0.0351266366865324,0.886516761519085,0.0224997797847791,0.864016981734306
"388",-9.14925636042491e-33,0.900497512544907,NA,0.900497512544907
"389",-7.73207081387914e-35,0.900497512530239,NA,0.900497512530239
"390",-2.89256120758832e-35,0.900497512560424,NA,0.900497512560424
"391",-1.38552601141683e-35,0.900497512522364,NA,0.900497512522364
"392",-1.01659909030306e-35,0.90049750401577,NA,0.90049750401577
"393",-7.67052000503441e-36,0.900497512522586,NA,0.900497512522586
"394",-7.41437252151668e-36,0.900497512548151,NA,0.900497512548151
"395",-6.65910343901161e-36,0.900497512564785,NA,0.900497512564785
"396",-5.64539746822731e-36,0.900497512558055,NA,0.900497512558055
"397",-4.96459617010842e-36,0.900497512526529,NA,0.900497512526529
"398",-4.62213475904263e-36,0.900497512542478,NA,0.900497512542478
"399",-4.50951972963591e-36,0.900497512548031,NA,0.900497512548031
"400",-4.12842726699103e-36,0.900497512537282,NA,0.900497512537282
"401",-4.03917297477259e-36,0.900497512542349,NA,0.900497512542349
"402",-3.95540252318919e-36,0.900497512548682,NA,0.900497512548682
"403",-3.84608844095881e-36,0.900497512553877,NA,0.900497512553877
"404",-3.72860131831543e-36,0.900497512559087,NA,0.900497512559087
"405",-1.21194685873499e-34,0.900497516189545,NA,0.900497516189545
"406",-3.5966573529969e-36,0.90049751261306,NA,0.90049751261306
"407",-3.8373109361518e-36,0.900497512647225,NA,0.900497512647225
"408",-3.66543111350209e-36,0.90049751263771,NA,0.90049751263771
"409",-3.54361458381538e-36,0.900497512632597,NA,0.900497512632597
"410",-2.85571229115403e-36,0.900497512571998,NA,0.900497512571998
"411",-2.89073328076206e-36,0.900497512538136,NA,0.900497512538136
"412",-2.84318278250004e-36,0.900497512542721,NA,0.900497512542721
"413",-2.78539584938514e-36,0.900497512546418,NA,0.900497512546418
"414",-2.72291694607237e-36,0.900497512550119,NA,0.900497512550119
"415",-2.43310842635559e-36,0.900497512550181,NA,0.900497512550181
"416",-2.42691130391228e-36,0.900497512552146,NA,0.900497512552146
"417",-2.49962422006012e-36,0.90049751256194,NA,0.90049751256194
"418",-2.47629179035332e-36,0.90049751256559,NA,0.90049751256559
"419",-2.50646022167643e-36,0.900497512570758,NA,0.900497512570758
"420",-2.47934637550139e-36,0.900497512570717,NA,0.900497512570717
"421",-2.36674278171949e-36,0.900497512558837,NA,0.900497512558837
"422",-2.31144555660105e-36,0.9004975125444,NA,0.9004975125444
"423",-2.156983784719e-36,0.90049751253197,NA,0.90049751253197
"424",-2.16590879317564e-36,0.900497512525387,NA,0.900497512525387
"425",-2.44670545748692e-36,0.900497512581971,NA,0.900497512581971
"426",-1.92468287098381e-36,0.90049751251703,NA,0.90049751251703
"427",-2.40452048829062e-36,0.900497512582337,NA,0.900497512582337
"428",-1.94125747117746e-36,0.900497512520398,NA,0.900497512520398
"429",-1.97994185856406e-36,0.900497512514831,NA,0.900497512514831
"430",-1.89102754493203e-36,0.900497512521086,NA,0.900497512521086
"431",-2.204552273998e-36,0.90049751256351,NA,0.90049751256351
"432",-2.1939722617301e-36,0.900497512564488,NA,0.900497512564488
"433",-1.80328916312289e-36,0.900497512512093,NA,0.900497512512093
"434",-2.05781144995531e-36,0.900497512536328,NA,0.900497512536328
"435",-2.18379157221717e-36,0.900497512571378,NA,0.900497512571378
"436",-1.97854855271439e-36,0.900497512531498,NA,0.900497512531498
"437",-2.10934345863316e-36,0.900497512547209,NA,0.900497512547209
"438",-1.76871752565767e-36,0.900497512513693,NA,0.900497512513693
"439",-1.74661198305393e-36,0.900497512510162,NA,0.900497512510162
"440",-1.74185377341341e-36,0.900497512512524,NA,0.900497512512524
"441",-1.68580752916538e-36,0.900497512511329,NA,0.900497512511329
"442",-1.99146813758788e-36,0.900497512538967,NA,0.900497512538967
"443",-1.99854345651983e-36,0.900497512541084,NA,0.900497512541084
"444",-1.90570412271831e-36,0.900497512530632,NA,0.900497512530632
"445",-1.97727333814427e-36,0.90049751254377,NA,0.90049751254377
"446",-1.79225266709781e-36,0.900497512519502,NA,0.900497512519502
"447",-1.91908644719565e-36,0.900497512537738,NA,0.900497512537738
"448",-1.75434907302388e-36,0.900497512519044,NA,0.900497512519044
"449",-1.75241715979121e-36,0.900497512519544,NA,0.900497512519544
"450",-1.66488043000571e-36,0.900497512510413,NA,0.900497512510413
"451",-1.72442470295951e-36,0.900497512517735,NA,0.900497512517735
"452",-1.69053663213578e-36,0.900497512513429,NA,0.900497512513429
"453",-1.68113485042021e-36,0.900497512512947,NA,0.900497512512947
"454",-1.7685571563893e-36,0.900497512525487,NA,0.900497512525487
"455",-1.75545597374204e-36,0.900497512524545,NA,0.900497512524545
"456",-1.71829680013578e-36,0.900497512520395,NA,0.900497512520395
"457",-1.80041808904716e-36,0.900497512533332,NA,0.900497512533332
"458",-1.7302163489358e-36,0.900497512523477,NA,0.900497512523477
"459",-1.82007293024843e-36,0.900497512539626,NA,0.900497512539626
"460",-1.70484939494648e-36,0.900497512521443,NA,0.900497512521443
"461",-1.80484976453363e-36,0.900497512539458,NA,0.900497512539458
"462",-1.75303300962367e-36,0.900497512530654,NA,0.900497512530654
"463",-1.71284876007398e-36,0.900497512524915,NA,0.900497512524915
"464",-1.68757204732761e-36,0.900497512521827,NA,0.900497512521827
"465",-1.70070784131299e-36,0.900497512524618,NA,0.900497512524618
"466",-1.69674971158822e-36,0.900497512524784,NA,0.900497512524784
"467",-1.67634174563549e-36,0.900497512522277,NA,0.900497512522277
"468",-1.68149938952729e-36,0.900497512523861,NA,0.900497512523861
"469",-1.68561018742976e-36,0.900497512525365,NA,0.900497512525365
"470",-1.69248078345052e-36,0.900497512527497,NA,0.900497512527497
"471",-1.73216836140752e-36,0.900497512537388,NA,0.900497512537388
"472",-1.93924760109534e-36,0.900497512548718,NA,0.900497512548718
"473",-2.03024011165891e-36,0.900497512584294,NA,0.900497512584294
"474",-2.02337424669686e-36,0.900497512583179,NA,0.900497512583179
"475",-2.03462700347045e-36,0.900497512586038,NA,0.900497512586038
"476",-1.89951948220029e-36,0.900497512542884,NA,0.900497512542884
"477",-1.795098201171e-36,0.900497512549328,NA,0.900497512549328
"478",-1.78299887659622e-36,0.900497512546823,NA,0.900497512546823
"479",-1.87238848920675e-36,0.900497512539088,NA,0.900497512539088
"480",-1.89229781336797e-36,0.900497512556321,NA,0.900497512556321
"481",-2.01955342629216e-36,0.900497512584675,NA,0.900497512584675
"482",-1.7600127497299e-36,0.900497512547253,NA,0.900497512547253
"483",-1.99707739084103e-36,0.900497512580036,NA,0.900497512580036
"484",-1.88150723447516e-36,0.900497512574735,NA,0.900497512574735
"485",-1.84617063154821e-36,0.90049751254368,NA,0.90049751254368
"486",-1.99836571749071e-36,0.900497512581072,NA,0.900497512581072
"487",-1.72646216379641e-36,0.900497512545589,NA,0.900497512545589
"488",-1.76970175788211e-36,0.900497512569209,NA,0.900497512569209
"489",-1.60804705091757e-36,0.900497512542406,NA,0.900497512542406
"490",-2.02287712243267e-36,0.900497512587938,NA,0.900497512587938
"491",-2.00229996478416e-36,0.900497512583094,NA,0.900497512583094
"492",-2.02973791203388e-36,0.900497512590134,NA,0.900497512590134
"493",-1.6810644022601e-36,0.900497512537836,NA,0.900497512537836
"494",-2.0087021395464e-36,0.900497512585273,NA,0.900497512585273
"495",-1.89846951009129e-36,0.900497512581432,NA,0.900497512581432
"496",-1.67575838064403e-36,0.900497512541574,NA,0.900497512541574
"497",-1.67312184930034e-36,0.900497512545941,NA,0.900497512545941
"498",-1.78426165192584e-36,0.900497512567758,NA,0.900497512567758
"499",-1.71288702752692e-36,0.900497512556239,NA,0.900497512556239
"500",-1.65808678052054e-36,0.900497512544775,NA,0.900497512544775
"501",-1.66767304049387e-36,0.900497512547452,NA,0.900497512547452
"502",-1.86871901860575e-36,0.900497512555292,NA,0.900497512555292
"503",-1.64543699111306e-36,0.900497512537995,NA,0.900497512537995
"504",-1.63972016378016e-36,0.900497512536844,NA,0.900497512536844
"505",-1.7154703337481e-36,0.900497512554513,NA,0.900497512554513
"506",-1.89897116591789e-36,0.900497512560813,NA,0.900497512560813
"507",-1.67800400132418e-36,0.900497512549048,NA,0.900497512549048
"508",-1.7774903096963e-36,0.900497512564335,NA,0.900497512564335
"509",-1.72807908735468e-36,0.900497512556508,NA,0.900497512556508
"510",-1.7815261910538e-36,0.900497512565046,NA,0.900497512565046
"511",-1.78762972465391e-36,0.900497512566085,NA,0.900497512566085
"512",-1.6061735310596e-36,0.90049751253721,NA,0.90049751253721
"513",-1.64428419435351e-36,0.900497512523666,NA,0.900497512523666
"514",-1.79954331341773e-36,0.900497512568135,NA,0.900497512568135
"515",-1.78424525034488e-36,0.900497512565556,NA,0.900497512565556
"516",-1.82206382934344e-36,0.900497512572072,NA,0.900497512572072
"517",-1.75566989021024e-36,0.900497512564414,NA,0.900497512564414
"518",-1.78996459155231e-36,0.90049751256652,NA,0.90049751256652
"519",-1.6179434679418e-36,0.90049751254059,NA,0.90049751254059
"520",-1.63739029050743e-36,0.900497512527439,NA,0.900497512527439
"521",-1.63300718170292e-36,0.900497512526479,NA,0.900497512526479
"522",-1.64275446395163e-36,0.900497512533808,NA,0.900497512533808
"523",-1.6363789777433e-36,0.900497512528128,NA,0.900497512528128
"524",-1.57374496196993e-36,0.900497512533589,NA,0.900497512533589
"525",-1.57047920751943e-36,0.900497512535532,NA,0.900497512535532
"526",-1.5690220927901e-36,0.900497512535653,NA,0.900497512535653
"527",-1.52538571729925e-36,0.900497512515514,NA,0.900497512515514
"528",-1.81681598507821e-36,0.900497512570944,NA,0.900497512570944
"529",-1.4800903129862e-36,0.900497512540198,NA,0.900497512540198
"530",-1.60512720573505e-36,0.900497512522254,NA,0.900497512522254
"531",-1.62163574715742e-36,0.900497469554354,NA,0.900497469554354
"532",-1.83900728518202e-36,0.900497512574816,NA,0.900497512574816
"533",-1.84437973385348e-36,0.900497512571137,NA,0.900497512571137
"534",-1.60996271436842e-36,0.900497512525159,NA,0.900497512525159
"535",-1.7317539221679e-36,0.900497512556226,NA,0.900497512556226
"536",-1.79866346661788e-36,0.900497512567265,NA,0.900497512567265
"537",-1.59901476844966e-36,0.900497512525844,NA,0.900497512525844
"538",-1.659293663778e-36,0.900497512560125,NA,0.900497512560125
"539",-1.77323152064624e-36,0.90049751256501,NA,0.90049751256501
"540",-1.5542644835811e-36,0.900497512516268,NA,0.900497512516268
"541",-1.64200781673452e-36,0.900497512542815,NA,0.900497512542815
"542",-1.59477912030063e-36,0.90049751253322,NA,0.90049751253322
"543",-1.52183963857577e-36,0.900497512534452,NA,0.900497512534452
"544",-1.70071251788331e-36,0.900497512535499,NA,0.900497512535499
"545",-1.58836006915091e-36,0.900497512534449,NA,0.900497512534449
"546",-1.61562767162933e-36,0.900497512542682,NA,0.900497512542682
"547",-1.55109708416705e-36,0.900497512539049,NA,0.900497512539049
"548",-1.60947037530134e-36,0.900497512536279,NA,0.900497512536279
"549",-1.52278585947947e-36,0.9004975125311,NA,0.9004975125311
"550",-1.86617683919412e-36,0.900497512572726,NA,0.900497512572726
"551",-1.70524603754867e-36,0.900497512554131,NA,0.900497512554131
"552",-1.63841093630371e-36,0.900497512536568,NA,0.900497512536568
"553",-1.72664575561959e-36,0.900497512550677,NA,0.900497512550677
"554",-1.8071374872489e-36,0.900497512559177,NA,0.900497512559177
"555",-1.56552909983521e-36,0.900497512521752,NA,0.900497512521752
"556",-1.65230809548644e-36,0.900497512538481,NA,0.900497512538481
"557",-1.76395775741166e-36,0.900497512546036,NA,0.900497512546036
"558",-1.54350682723492e-36,0.900497512536709,NA,0.900497512536709
"559",-1.71415115331633e-36,0.900497512546245,NA,0.900497512546245
"560",-1.42928650048706e-36,0.900497512515561,NA,0.900497512515561
"561",-1.58007254253598e-36,0.900497512541179,NA,0.900497512541179
"562",-1.34956841196078e-35,0.900497460604667,NA,0.900497460604667
"563",-1.42530932143553e-36,0.900497512514516,NA,0.900497512514516
"564",-1.57208691772028e-36,0.900497512539059,NA,0.900497512539059
"565",-1.60673439125735e-36,0.900497512543871,NA,0.900497512543871
"566",-1.61882315822765e-36,0.900497512545299,NA,0.900497512545299
"567",-1.61641751823187e-36,0.900497512544664,NA,0.900497512544664
"568",-1.56398027402189e-36,0.900497512523652,NA,0.900497512523652
"569",-1.56351981185174e-36,0.900497512523767,NA,0.900497512523767
"570",-1.6292903445377e-36,0.900497504088106,NA,0.900497504088106
"571",-1.54729935152024e-36,0.90049751252491,NA,0.90049751252491
"572",-1.56539971711775e-36,0.900497512528099,NA,0.900497512528099
"573",-1.56491736018522e-36,0.900497512529244,NA,0.900497512529244
"574",-1.95971187030668e-36,0.900497512584302,NA,0.900497512584302
"575",-1.65042870995144e-36,0.900497512547802,NA,0.900497512547802
"576",-1.61606543098116e-36,0.900497512541907,NA,0.900497512541907
"577",-1.54014041762475e-36,0.900497512519839,NA,0.900497512519839
"578",-1.66200325285873e-36,0.900497512548795,NA,0.900497512548795
"579",-1.69411291944004e-36,0.900497512553251,NA,0.900497512553251
"580",-1.67459604263279e-36,0.900497512550164,NA,0.900497512550164
"581",-1.65647011283382e-36,0.900497512546579,NA,0.900497512546579
"582",-1.68582033260475e-36,0.900497512550989,NA,0.900497512550989
"583",-1.66070316988993e-36,0.900497512546569,NA,0.900497512546569
"584",-1.70294394657029e-36,0.900497512553161,NA,0.900497512553161
"585",-1.56384630254758e-36,0.900497512525597,NA,0.900497512525597
"586",-1.58677999102983e-36,0.900497512527738,NA,0.900497512527738
"587",-1.59775474658066e-36,0.900497512533265,NA,0.900497512533265
"588",-1.78501262256826e-36,0.900497512542161,NA,0.900497512542161
"589",-1.47162302592783e-36,0.900497512508343,NA,0.900497512508343
"590",-1.6042978139801e-36,0.900497512531279,NA,0.900497512531279
"591",-1.73302250080999e-36,0.900497512556425,NA,0.900497512556425
"592",-1.59761041615738e-36,0.900497512535506,NA,0.900497512535506
"593",-1.64545584943623e-36,0.900497512534,NA,0.900497512534
"594",-1.81640708248645e-36,0.900497512561079,NA,0.900497512561079
"595",-1.74173664762896e-36,0.9004975125568,NA,0.9004975125568
"596",-1.54766131988632e-36,0.900497512523942,NA,0.900497512523942
"597",-1.6365465859529e-36,0.900497512539319,NA,0.900497512539319
"598",-1.48003840387423e-36,0.900497512511231,NA,0.900497512511231
"599",-1.73902414557898e-36,0.900497512546872,NA,0.900497512546872
"600",-1.54052747377472e-36,0.900497512516994,NA,0.900497512516994
"601",-1.54269642744698e-36,0.900497512518732,NA,0.900497512518732
"602",-1.52221247309993e-36,0.900497512509253,NA,0.900497512509253
"603",-1.67442489167726e-36,0.900497512542931,NA,0.900497512542931
"604",-1.52246556059745e-36,0.900497512509152,NA,0.900497512509152
"605",-1.68851687228364e-36,0.900497512544372,NA,0.900497512544372
"606",-1.40855590227201e-36,0.900497512516627,NA,0.900497512516627
"607",-1.68915614122276e-36,0.900497512543963,NA,0.900497512543963
"608",-1.80079987646128e-36,0.900497512555433,NA,0.900497512555433
"609",-1.77967323728307e-36,0.900497512551796,NA,0.900497512551796
"610",-1.79096886507974e-36,0.900497512553255,NA,0.900497512553255
"611",-1.7076942584899e-36,0.90049751254555,NA,0.90049751254555
"612",-1.70255571365485e-36,0.900497512544583,NA,0.900497512544583
"613",-1.76330979746953e-36,0.900497512546434,NA,0.900497512546434
"614",-1.89915665129412e-36,0.900497512555229,NA,0.900497512555229
"615",-1.72986990326746e-36,0.900497512547674,NA,0.900497512547674
"616",-1.70229784691303e-36,0.90049751254356,NA,0.90049751254356
"617",-1.92346392779195e-36,0.900497512586596,NA,0.900497512586596
"618",-1.68130768872732e-36,0.900497512530322,NA,0.900497512530322
"619",-1.56902916136529e-36,0.90049751252126,NA,0.90049751252126
"620",-1.65522383682725e-36,0.900497512525296,NA,0.900497512525296
"621",-1.57398746984587e-36,0.90049751252226,NA,0.90049751252226
"622",-1.72419276196146e-36,0.900497512536241,NA,0.900497512536241
"623",-1.72989720021497e-36,0.90049751254565,NA,0.90049751254565
"624",-1.7327962926348e-36,0.900497512545817,NA,0.900497512545817
"625",-1.55409665577755e-36,0.900497512521865,NA,0.900497512521865
"626",-1.67705656066593e-36,0.900497512527162,NA,0.900497512527162
"627",-1.7489219399996e-36,0.900497512547215,NA,0.900497512547215
"628",-1.65380754170505e-36,0.900497512522461,NA,0.900497512522461
"629",-1.70849578520208e-36,0.900497512531786,NA,0.900497512531786
"630",-1.77732840243872e-36,0.900497512550671,NA,0.900497512550671
"631",-1.70947331477384e-36,0.900497512534935,NA,0.900497512534935
"632",-1.75733358945639e-36,0.900497512547277,NA,0.900497512547277
"633",-1.58230939467262e-36,0.900497512520519,NA,0.900497512520519
"634",-1.72025239923594e-36,0.900497512535415,NA,0.900497512535415
"635",-1.73651801844533e-36,0.900497512537114,NA,0.900497512537114
"636",-1.77382112638895e-36,0.900497512548576,NA,0.900497512548576
"637",-1.816609512275e-36,0.90049751254708,NA,0.90049751254708
"638",-1.79897230943304e-36,0.900497512544202,NA,0.900497512544202
"639",-1.96387106186205e-36,0.900497512588085,NA,0.900497512588085
"640",-1.77248851158789e-36,0.900497512540256,NA,0.900497512540256
"641",-1.78556775607517e-36,0.900497512541658,NA,0.900497512541658
"642",-1.8293976797416e-36,0.900497512555981,NA,0.900497512555981
"643",-1.96568142072593e-36,0.900497512586476,NA,0.900497512586476
"644",-3.25209107343672e-35,0.900497512221576,NA,0.900497512221576
"645",-1.90343088912242e-36,0.90049751257317,NA,0.90049751257317
"646",-1.9066885558194e-36,0.900497512573531,NA,0.900497512573531
"647",-1.92975150682873e-36,0.900497512576738,NA,0.900497512576738
"648",-1.82485221089615e-36,0.900497512552898,NA,0.900497512552898
"649",-1.9399890298835e-36,0.900497512578556,NA,0.900497512578556
"650",-1.94133486139637e-36,0.900497512578843,NA,0.900497512578843
"651",-1.80780029553661e-36,0.900497512541705,NA,0.900497512541705
"652",-1.9467266525353e-36,0.900497512579868,NA,0.900497512579868
"653",-1.71956190756487e-36,0.900497512530526,NA,0.900497512530526
"654",-1.98363325700308e-36,0.900497512588313,NA,0.900497512588313
"655",-1.75476177975829e-36,0.900497512534085,NA,0.900497512534085
"656",-1.69864428996417e-36,0.900497512527467,NA,0.900497512527467
"657",-1.74079916731927e-36,0.900497512531944,NA,0.900497512531944
"658",-1.59616246378156e-36,0.900497512516526,NA,0.900497512516526
"659",-1.72403814330676e-36,0.90049751252954,NA,0.90049751252954
"660",-1.85243002923726e-36,0.900497512553723,NA,0.900497512553723
"661",-1.85491391435319e-36,0.900497512553814,NA,0.900497512553814
"662",-1.92992596698362e-36,0.900497512572214,NA,0.900497512572214
"663",-1.85153642417815e-36,0.900497512552706,NA,0.900497512552706
"664",-1.62508132232909e-36,0.90049751251804,NA,0.90049751251804
"665",-1.61945021197864e-36,0.90049751251728,NA,0.90049751251728
"666",-1.86625533985939e-36,0.900497512554127,NA,0.900497512554127
"667",-1.87647877293983e-36,0.900497512555475,NA,0.900497512555475
"668",-1.86367444899378e-36,0.900497512553135,NA,0.900497512553135
"669",-1.860114915957e-36,0.900497512552308,NA,0.900497512552308
"670",-1.86293218418645e-36,0.90049751255245,NA,0.90049751255245
"671",-1.69965072259263e-36,0.900497512530149,NA,0.900497512530149
"672",-1.67727564485698e-36,0.900497512521452,NA,0.900497512521452
"673",-1.72596235272883e-36,0.900497512532946,NA,0.900497512532946
"674",-1.71346715225467e-36,0.900497512531409,NA,0.900497512531409
"675",-1.63599102402326e-36,0.900497512516718,NA,0.900497512516718
"676",-1.72625075388801e-36,0.900497512532662,NA,0.900497512532662
"677",-1.66727621787252e-36,0.900497512522093,NA,0.900497512522093
"678",-1.8923018001813e-36,0.900497512554685,NA,0.900497512554685
"679",-1.74425980725927e-36,0.900497512534452,NA,0.900497512534452
"680",-1.60291653495325e-36,0.900497512512563,NA,0.900497512512563
"681",-1.88675419538002e-36,0.900497512552912,NA,0.900497512552912
"682",-1.78698065663168e-36,0.900497512539656,NA,0.900497512539656
"683",-1.59735439291638e-36,0.900497512511027,NA,0.900497512511027
"684",-1.76750556578167e-36,0.900497512536637,NA,0.900497512536637
"685",-1.89674526743711e-36,0.900497512553052,NA,0.900497512553052
"686",-1.77560971837848e-36,0.900497512537342,NA,0.900497512537342
"687",-1.76901980541647e-36,0.900497512536327,NA,0.900497512536327
"688",-1.78350867612562e-36,0.900497512538044,NA,0.900497512538044
"689",-1.76589454326813e-36,0.900497512535613,NA,0.900497512535613
"690",-1.78500199305345e-36,0.900497512537867,NA,0.900497512537867
"691",-1.7310000727345e-36,0.900497512522701,NA,0.900497512522701
"692",-1.84595238874579e-36,0.900497512546638,NA,0.900497512546638
"693",-1.93028370171932e-36,0.900497512556255,NA,0.900497512556255
"694",-1.82187232000373e-36,0.90049751254226,NA,0.90049751254226
"695",-1.76138325712373e-36,0.900497512528946,NA,0.900497512528946
"696",-1.87764379126533e-36,0.900497512551194,NA,0.900497512551194
"697",-1.99272470158655e-36,0.900497512568779,NA,0.900497512568779
"698",-1.73660803596117e-36,0.900497512518964,NA,0.900497512518964
"699",-1.79261407174041e-36,0.900497512537098,NA,0.900497512537098
"700",-1.93003353698004e-36,0.900497512557045,NA,0.900497512557045
"701",-1.8115512939285e-36,0.900497512539172,NA,0.900497512539172
"702",-1.83322753902753e-36,0.900497512542042,NA,0.900497512542042
"703",-2.0010185992526e-36,0.900497512565956,NA,0.900497512565956
"704",-2.01694487674971e-36,0.900497512569341,NA,0.900497512569341
"705",-1.81683397917958e-36,0.90049751253899,NA,0.90049751253899
"706",-1.93461088333232e-36,0.900497512552968,NA,0.900497512552968
"707",-1.95134668515391e-36,0.900497512555304,NA,0.900497512555304
"708",-1.82102754470264e-36,0.900497512538641,NA,0.900497512538641
"709",-1.88030403037092e-36,0.900497512547696,NA,0.900497512547696
"710",-1.94641736468799e-36,0.900497512553547,NA,0.900497512553547
"711",-1.84895531549343e-36,0.900497512542064,NA,0.900497512542064
"712",-1.93542788566212e-36,0.900497512551062,NA,0.900497512551062
"713",-1.78340682076594e-36,0.900497512522511,NA,0.900497512522511
"714",-1.9407486309321e-36,0.900497512551269,NA,0.900497512551269
"715",-1.95380332672845e-36,0.900497512553219,NA,0.900497512553219
"716",-1.9372812161989e-36,0.900497512549895,NA,0.900497512549895
"717",-1.90803181935155e-36,0.900497512542359,NA,0.900497512542359
"718",-2.07274674411916e-36,0.90049751258445,NA,0.90049751258445
"719",-1.94716928435373e-36,0.900497512550838,NA,0.900497512550838
"720",-1.96327332350108e-36,0.900497512553261,NA,0.900497512553261
"721",-1.97300188053629e-36,0.90049751255439,NA,0.90049751255439
"722",-2.09145313312637e-36,0.900497512590447,NA,0.900497512590447
"723",-1.81965412221684e-36,0.90049751253299,NA,0.90049751253299
"724",-1.90540706840221e-36,0.90049751253832,NA,0.90049751253832
"725",-2.07315841144052e-36,0.900497512578944,NA,0.900497512578944
"726",-1.802137234067e-36,0.900497512529295,NA,0.900497512529295
"727",-2.10226448211347e-36,0.900497512591874,NA,0.900497512591874
"728",-1.94079406487356e-36,0.900497512544488,NA,0.900497512544488
"729",-2.04970020589988e-36,0.90049751256546,NA,0.90049751256546
"730",-2.00115018455469e-36,0.900497512556432,NA,0.900497512556432
"731",-2.09192112484383e-36,0.9004975125822,NA,0.9004975125822
"732",-1.89551285534893e-36,0.900497512534664,NA,0.900497512534664
"733",-1.93476835186095e-36,0.900497512541612,NA,0.900497512541612
"734",-1.83970113474002e-36,0.900497512527354,NA,0.900497512527354
"735",-1.87737132797359e-36,0.900497512533164,NA,0.900497512533164
"736",-1.87809734312912e-36,0.900497512532952,NA,0.900497512532952
"737",-1.87931804467047e-36,0.900497512532814,NA,0.900497512532814
"738",-1.99296848723508e-36,0.900497512539944,NA,0.900497512539944
"739",-2.07242482698788e-36,0.900497512566202,NA,0.900497512566202
"740",-1.79414500586173e-36,0.900497512520863,NA,0.900497512520863
"741",-2.11113840274264e-36,0.900497512582387,NA,0.900497512582387
"742",-2.13263386479918e-36,0.900497512596611,NA,0.900497512596611
"743",-1.83992334676595e-36,0.900497512528779,NA,0.900497512528779
"744",-2.03067223937972e-36,0.900497512556696,NA,0.900497512556696
"745",-1.80786971542812e-36,0.900497512520607,NA,0.900497512520607
"746",-2.02317339038782e-36,0.900497512554058,NA,0.900497512554058
"747",-1.82671923906144e-36,0.900497512525392,NA,0.900497512525392
"748",-2.14122150765781e-36,0.900497512595248,NA,0.900497512595248
"749",-2.03469753876906e-36,0.900497512542075,NA,0.900497512542075
"750",-2.14411813210846e-36,0.900497512594774,NA,0.900497512594774
"751",-2.14650572832245e-36,0.9004975125957,NA,0.9004975125957
"752",-2.029919818196e-36,0.900497512554124,NA,0.900497512554124
"753",-2.15064954084186e-36,0.900497512597008,NA,0.900497512597008
"754",-1.93296933847312e-36,0.90049751253974,NA,0.90049751253974
"755",-2.1426081297289e-36,0.900497512585765,NA,0.900497512585765
"756",-1.92662966955735e-36,0.900497512531693,NA,0.900497512531693
"757",-2.05968634198569e-36,0.900497512557953,NA,0.900497512557953
"758",-1.91491115431737e-36,0.900497512534913,NA,0.900497512534913
"759",-2.1545241542121e-36,0.900497512589607,NA,0.900497512589607
"760",-2.1523306117427e-36,0.900497512586188,NA,0.900497512586188
"761",-2.15572748315403e-36,0.900497512587501,NA,0.900497512587501
"762",-2.15624535427507e-36,0.900497512586416,NA,0.900497512586416
"763",-2.15734572995947e-36,0.900497512585843,NA,0.900497512585843
"764",-2.15668704680768e-36,0.900497512583947,NA,0.900497512583947
"765",-1.97604356167596e-36,0.900497512543066,NA,0.900497512543066
"766",-1.93600039313748e-36,0.900497512531752,NA,0.900497512531752
"767",-2.17348131855854e-36,0.900497512599011,NA,0.900497512599011
"768",-2.16262484501156e-36,0.900497512582867,NA,0.900497512582867
"769",-1.91496787686496e-36,0.900497512530498,NA,0.900497512530498
"770",-1.8190042066254e-36,0.90049751251229,NA,0.90049751251229
"771",-1.96942538708147e-36,0.900497512528492,NA,0.900497512528492
"772",-2.08858295594839e-36,0.900497512557911,NA,0.900497512557911
"773",-1.94209878662102e-36,0.900497512530382,NA,0.900497512530382
"774",-2.12261560650926e-36,0.900497512551363,NA,0.900497512551363
"775",-1.98280690693944e-36,0.900497512539815,NA,0.900497512539815
"776",-1.93206182070453e-36,0.900497512526825,NA,0.900497512526825
"777",-2.10188288573148e-36,0.900497512542088,NA,0.900497512542088
"778",-2.09626954632326e-36,0.900497512556234,NA,0.900497512556234
"779",-1.99160683303599e-36,0.900497512539688,NA,0.900497512539688
"780",-2.11638154411842e-36,0.90049751256105,NA,0.90049751256105
"781",-1.88251045969278e-36,0.900497512516085,NA,0.900497512516085
"782",-1.94235361113698e-36,0.900497512527522,NA,0.900497512527522
"783",-2.12131077820985e-36,0.900497512560946,NA,0.900497512560946
"784",-2.12423375844191e-36,0.900497512561188,NA,0.900497512561188
"785",-1.93547582860461e-36,0.900497512525563,NA,0.900497512525563
"786",-2.13019449027723e-36,0.90049751256168,NA,0.90049751256168
"787",-2.11684911328382e-36,0.900497512557618,NA,0.900497512557618
"788",-1.94742360790958e-36,0.900497512526383,NA,0.900497512526383
"789",-1.94048789508874e-36,0.90049751252506,NA,0.90049751252506
"790",-2.12070942512029e-36,0.900497512556505,NA,0.900497512556505
"791",-1.81435881029627e-36,0.900497512511374,NA,0.900497512511374
"792",-1.95666371993931e-36,0.900497512526476,NA,0.900497512526476
"793",-1.86826519262697e-36,0.900497512511501,NA,0.900497512511501
"794",-1.87101599699341e-36,0.900497512511523,NA,0.900497512511523
"795",-2.00631736090672e-36,0.90049751252517,NA,0.90049751252517
"796",-1.9742642546657e-36,0.90049751252151,NA,0.90049751252151
"797",-1.78413432889856e-36,0.900497512516401,NA,0.900497512516401
"798",-1.96991917935732e-36,0.900497512526604,NA,0.900497512526604
"799",-1.88608385670859e-36,0.900497512518222,NA,0.900497512518222
"800",-1.88577926150011e-36,0.900497512511457,NA,0.900497512511457
"801",-1.81373507566578e-36,0.90049751250926,NA,0.90049751250926
"802",-1.9612817327372e-36,0.900497512518639,NA,0.900497512518639
"803",-1.89577290665039e-36,0.900497512511676,NA,0.900497512511676
"804",-1.97167792198076e-36,0.900497512524976,NA,0.900497512524976
"805",-1.94820483955099e-36,0.900497512516593,NA,0.900497512516593
"806",-1.96986107305759e-36,0.900497512524091,NA,0.900497512524091
"807",-2.25961674570352e-36,0.900497512597954,NA,0.900497512597954
"808",-1.93848019696621e-36,0.90049751251492,NA,0.90049751251492
"809",-2.17451215631901e-36,0.900497512546562,NA,0.900497512546562
"810",-1.86276198107032e-36,0.900497512507517,NA,0.900497512507517
"811",-2.03736007800441e-36,0.900497512524208,NA,0.900497512524208
"812",-2.1946407031612e-36,0.900497512549081,NA,0.900497512549081
"813",-1.96225825097168e-36,0.900497512521006,NA,0.900497512521006
"814",-1.97464764602391e-36,0.900497512522357,NA,0.900497512522357
"815",-1.9131659489252e-36,0.900497512510881,NA,0.900497512510881
"816",-2.16350011448956e-36,0.90049751253756,NA,0.90049751253756
"817",-1.8828525396802e-36,0.900497512512827,NA,0.900497512512827
"818",-1.91513227377558e-36,0.900497512510363,NA,0.900497512510363
"819",-1.89559502262701e-36,0.900497512508379,NA,0.900497512508379
"820",-1.89929824207496e-36,0.900497512508477,NA,0.900497512508477
"821",-1.95448706301876e-36,0.900497512512784,NA,0.900497512512784
"822",-2.21340818697476e-36,0.900497512548419,NA,0.900497512548419
"823",-1.97823301115714e-36,0.90049751252032,NA,0.90049751252032
"824",-1.96632976294815e-36,0.900497512518463,NA,0.900497512518463
"825",-2.02232360946134e-36,0.900497512518901,NA,0.900497512518901
"826",-2.20965915375158e-36,0.90049751254602,NA,0.90049751254602
"827",-2.22129966742338e-36,0.90049751254781,NA,0.90049751254781
"828",-2.15397701798653e-36,0.900497512547015,NA,0.900497512547015
"829",-2.03677038890375e-36,0.900497512519338,NA,0.900497512519338
"830",-2.09475638391635e-36,0.900497512526451,NA,0.900497512526451
"831",-2.2370177535365e-36,0.900497512549169,NA,0.900497512549169
"832",-1.9821366063629e-36,0.900497512518442,NA,0.900497512518442
"833",-2.21011753374227e-36,0.900497512569902,NA,0.900497512569902
"834",-2.21205378672767e-36,0.90049751257058,NA,0.90049751257058
"835",-2.21296011661261e-36,0.900497512569342,NA,0.900497512569342
"836",-2.21232347109821e-36,0.900497512556481,NA,0.900497512556481
"837",-1.95652810485499e-36,0.900497512509705,NA,0.900497512509705
"838",-2.24760111399461e-36,0.900497512548119,NA,0.900497512548119
"839",-2.1130662212657e-36,0.900497512534543,NA,0.900497512534543
"840",-2.11701153604419e-36,0.900497512534861,NA,0.900497512534861
"841",-2.10705016483181e-36,0.900497512532763,NA,0.900497512532763
"842",-2.13122910057818e-36,0.900497512536708,NA,0.900497512536708
"843",-2.10947490577941e-36,0.900497512532656,NA,0.900497512532656
"844",-2.10576871620098e-36,0.900497512531474,NA,0.900497512531474
"845",-2.25201512733481e-36,0.900497512545955,NA,0.900497512545955
"846",-2.10951896660775e-36,0.900497512531384,NA,0.900497512531384
"847",-2.10207379780778e-36,0.900497512529868,NA,0.900497512529868
"848",-2.26603464500542e-36,0.900497512547408,NA,0.900497512547408
"849",-2.06544533260246e-36,0.900497512517036,NA,0.900497512517036
"850",-1.98804356338416e-36,0.900497512509583,NA,0.900497512509583
"851",-2.2676974740548e-36,0.900497512546392,NA,0.900497512546392
"852",-2.07984466597881e-36,0.900497512523323,NA,0.900497512523323
"853",-2.0833185103558e-36,0.900497472512762,NA,0.900497472512762
"854",-2.12509905597437e-36,0.900497512531058,NA,0.900497512531058
"855",-2.24446512726178e-36,0.900497512567816,NA,0.900497512567816
"856",-2.17351208326834e-36,0.900497512539284,NA,0.900497512539284
"857",-2.12942247734223e-36,0.900497512520791,NA,0.900497512520791
"858",-2.11399881532428e-36,0.90049751252551,NA,0.90049751252551
"859",-2.14926216258828e-36,0.900497512522331,NA,0.900497512522331
"860",-2.25060578541659e-36,0.900497512539336,NA,0.900497512539336
"861",-2.29994724008857e-36,0.900497512548455,NA,0.900497512548455
"862",-2.15425343349084e-36,0.900497512522061,NA,0.900497512522061
"863",-2.16345246402203e-36,0.900497512522765,NA,0.900497512522765
"864",-2.27091671721901e-36,0.900497512541285,NA,0.900497512541285
"865",-2.18561971746081e-36,0.900497512524614,NA,0.900497512524614
"866",-2.32197417109925e-36,0.900497512550624,NA,0.900497512550624
"867",-2.25651231180322e-36,0.900497512537637,NA,0.900497512537637
"868",-2.31481376901436e-36,0.900497512547999,NA,0.900497512547999
"869",-2.25725572007153e-36,0.900497512532719,NA,0.900497512532719
"870",-2.32405966797365e-36,0.900497512549017,NA,0.900497512549017
"871",-2.3236454529529e-36,0.900497512548783,NA,0.900497512548783
"872",-2.3259103132319e-36,0.900497512548795,NA,0.900497512548795
"873",-2.32857520852806e-36,0.900497512548895,NA,0.900497512548895
"874",-2.32875565297447e-36,0.900497512548119,NA,0.900497512548119
"875",-2.7002606647661e-36,0.90049751262632,NA,0.90049751262632
"876",-2.30172730924369e-36,0.900497512541838,NA,0.900497512541838
"877",-2.33847309596475e-36,0.900497512549129,NA,0.900497512549129
"878",-2.15878859348922e-36,0.900497512518882,NA,0.900497512518882
"879",-2.16825340041903e-36,0.900497512519588,NA,0.900497512519588
"880",-2.16482849382952e-36,0.900497512518978,NA,0.900497512518978
"881",-2.23738233030285e-36,0.90049751252657,NA,0.90049751252657
"882",-2.17893686438005e-36,0.900497512519892,NA,0.900497512519892
"883",-2.18087624175237e-36,0.900497512519829,NA,0.900497512519829
"884",-2.19329821136863e-36,0.900497512531513,NA,0.900497512531513
"885",-2.15482544397453e-36,0.900497512516716,NA,0.900497512516716
"886",-2.09628394434228e-36,0.900497512510586,NA,0.900497512510586
"887",-2.08847486320316e-36,0.900497512509674,NA,0.900497512509674
"888",-2.37250912353421e-36,0.900497512550951,NA,0.900497512550951
"889",-2.2183982717974e-36,0.900497512522148,NA,0.900497512522148
"890",-2.37994225344421e-36,0.900497512551323,NA,0.900497512551323
"891",-2.34841883767976e-36,0.900497512544351,NA,0.900497512544351
"892",-2.35775525847591e-36,0.900497512545763,NA,0.900497512545763
"893",-2.23333877363407e-36,0.900497512522659,NA,0.900497512522659
"894",-2.10176252602412e-36,0.900497512510154,NA,0.900497512510154
"895",-2.22134349018264e-36,0.90049751253224,NA,0.90049751253224
"896",-2.1542280773445e-36,0.900497512513528,NA,0.900497512513528
"897",-2.38707311589751e-36,0.900497512549646,NA,0.900497512549646
"898",-2.22083735302653e-36,0.900497512519996,NA,0.900497512519996
"899",-2.23501880872187e-36,0.900497512533231,NA,0.900497512533231
"900",-2.39788454219773e-36,0.900497512551371,NA,0.900497512551371
"901",-2.223541205075e-36,0.900497512519484,NA,0.900497512519484
"902",-2.22643079287468e-36,0.900497512519518,NA,0.900497512519518
"903",-2.24242240783424e-36,0.900497512520907,NA,0.900497512520907
"904",-2.40875805923723e-36,0.900497512551856,NA,0.900497512551856
"905",-2.22985099878289e-36,0.900497512519082,NA,0.900497512519082
"906",-2.23154952350462e-36,0.900497512518995,NA,0.900497512518995
"907",-2.24574208826608e-36,0.900497512520189,NA,0.900497512520189
"908",-2.23039739955425e-36,0.90049751251836,NA,0.90049751251836
"909",-2.2394274408261e-36,0.900497512530141,NA,0.900497512530141
"910",-2.24900069027467e-36,0.90049751251973,NA,0.90049751251973
"911",-2.178252620452e-36,0.900497512513249,NA,0.900497512513249
"912",-2.23818735245747e-36,0.900497512528853,NA,0.900497512528853
"913",-2.23943476461605e-36,0.900497512528696,NA,0.900497512528696
"914",-2.28498119951899e-36,0.900497512536802,NA,0.900497512536802
"915",-2.29853700922015e-36,0.90049751253925,NA,0.90049751253925
"916",-2.29811546308076e-36,0.900497512538699,NA,0.900497512538699
"917",-2.15485177836275e-36,0.900497512508877,NA,0.900497512508877
"918",-2.30833281708321e-36,0.900497512540263,NA,0.900497512540263
"919",-2.2544737040425e-36,0.900497512529035,NA,0.900497512529035
"920",-2.26310915334747e-36,0.90049751251855,NA,0.90049751251855
"921",-2.25431375167253e-36,0.900497512517413,NA,0.900497512517413
"922",-2.24209482640783e-36,0.900497512525991,NA,0.900497512525991
"923",-2.23879084421534e-36,0.90049751252516,NA,0.90049751252516
"924",-2.25117475831711e-36,0.900497512516336,NA,0.900497512516336
"925",-2.32374492403758e-36,0.900497512540662,NA,0.900497512540662
"926",-2.27405937008681e-36,0.900497512529798,NA,0.900497512529798
"927",-2.8769774547347e-36,0.900497512625799,NA,0.900497512625799
"928",-2.29784696998497e-36,0.90049751252001,NA,0.90049751252001
"929",-2.31293857808599e-36,0.900497512521292,NA,0.900497512521292
"930",-2.33729195219998e-36,0.900497512541814,NA,0.900497512541814
"931",-2.32779792480162e-36,0.900497512538584,NA,0.900497512538584
"932",-2.20725523171871e-36,0.900497512509999,NA,0.900497512509999
"933",-2.20838972284074e-36,0.900497512509926,NA,0.900497512509926
"934",-2.28827597546471e-36,0.900497512529286,NA,0.900497512529286
"935",-2.35133053298986e-36,0.900497512523993,NA,0.900497512523993
"936",-2.32450171917329e-36,0.900497512535339,NA,0.900497512535339
"937",-2.37325919644361e-36,0.900497512526005,NA,0.900497512526005
"938",-2.34963027942768e-36,0.900497512522925,NA,0.900497512522925
"939",-2.29567036529466e-36,0.900497512516913,NA,0.900497512516913
"940",-2.29187465794567e-36,0.900497512516285,NA,0.900497512516285
"941",-2.23726145018262e-36,0.900497512510834,NA,0.900497512510834
"942",-2.29074304254268e-36,0.900497512526791,NA,0.900497512526791
"943",-2.41637166274205e-36,0.900497512529115,NA,0.900497512529115
"944",-2.45419135104126e-36,0.900497512533748,NA,0.900497512533748
"945",-2.40975277544922e-36,0.900497512528472,NA,0.900497512528472
"946",-2.32997353572907e-36,0.900497512534325,NA,0.900497512534325
"947",-2.33232038089777e-36,0.900497512534368,NA,0.900497512534368
"948",-2.32413280220424e-36,0.900497512530359,NA,0.900497512530359
"949",-2.33015868259537e-36,0.900497512531049,NA,0.900497512531049
"950",-2.28787350870276e-36,0.90049751251341,NA,0.90049751251341
"951",-2.44210477595189e-36,0.900497512529814,NA,0.900497512529814
"952",-2.47217001350245e-36,0.900497512573765,NA,0.900497512573765
"953",-2.49186902260121e-36,0.900497512575402,NA,0.900497512575402
"954",-2.31916892449167e-36,0.900497512515427,NA,0.900497512515427
"955",-2.46611595311992e-36,0.900497512532447,NA,0.900497512532447
"956",-2.43954708508586e-36,0.900497512527916,NA,0.900497512527916
"957",-2.34757610910462e-36,0.900497512517462,NA,0.900497512517462
"958",-2.4455792705576e-36,0.900497512528036,NA,0.900497512528036
"959",-2.41673892862585e-36,0.900497512524309,NA,0.900497512524309
"960",-2.33666560624754e-36,0.90049751251561,NA,0.90049751251561
"961",-2.34196729620188e-36,0.900497512515879,NA,0.900497512515879
"962",-2.51440229979162e-36,0.900497512575483,NA,0.900497512575483
"963",-2.42926030042365e-36,0.900497512524575,NA,0.900497512524575
"964",-2.46905083170022e-36,0.900497512529074,NA,0.900497512529074
"965",-2.30837144305944e-36,0.900497512511445,NA,0.900497512511445
"966",-2.36349966746918e-36,0.900497512516735,NA,0.900497512516735
"967",-2.45740618269801e-36,0.900497512526693,NA,0.900497512526693
"968",-2.35645046225361e-36,0.900497512515528,NA,0.900497512515528
"969",-2.47401860721333e-36,0.900497512528104,NA,0.900497512528104
"970",-2.54232549008556e-36,0.900497512537951,NA,0.900497512537951
"971",-2.36369451196484e-36,0.900497512515475,NA,0.900497512515475
"972",-2.33999401536591e-36,0.900497512525254,NA,0.900497512525254
"973",-2.99554524873087e-36,0.900497512620865,NA,0.900497512620865
"974",-2.48370349992524e-36,0.90049751252774,NA,0.90049751252774
"975",-3.07121990628252e-36,0.900497512630968,NA,0.900497512630968
"976",-2.47160423752982e-36,0.900497512525662,NA,0.900497512525662
"977",-2.50646395390321e-36,0.900497512529674,NA,0.900497512529674
"978",-2.38501362032823e-36,0.900497512516116,NA,0.900497512516116
"979",-2.47925790427463e-36,0.900497512525676,NA,0.900497512525676
"980",-2.48958046373908e-36,0.900497512526599,NA,0.900497512526599
"981",-2.38200732898325e-36,0.900497512528177,NA,0.900497512528177
"982",-2.39355568098338e-36,0.90049751251561,NA,0.90049751251561
"983",-2.53296488802875e-36,0.900497512532193,NA,0.900497512532193
"984",-3.08120660782804e-36,0.900497512627928,NA,0.900497512627928
"985",-2.39338191719048e-36,0.900497512528706,NA,0.900497512528706
"986",-2.39789690950305e-36,0.900497512529148,NA,0.900497512529148
"987",-2.58231084699872e-36,0.9004975125746,NA,0.9004975125746
"988",-2.39781505973573e-36,0.900497512528365,NA,0.900497512528365
"989",-2.6200297166389e-36,0.900497512578001,NA,0.900497512578001
"990",-2.49914645324819e-36,0.900497512524718,NA,0.900497512524718
"991",-2.50640178723828e-36,0.900497512525289,NA,0.900497512525289
"992",-2.50033555619463e-36,0.900497512524273,NA,0.900497512524273
"993",-3.0542103014874e-36,0.900497512619695,NA,0.900497512619695
"994",-2.44466940187182e-36,0.900497512517644,NA,0.900497512517644
"995",-2.51160896806182e-36,0.900497512524702,NA,0.900497512524702
"996",-2.35625313348212e-36,0.900497512519348,NA,0.900497512519348
"997",-2.50613047661953e-36,0.900497512523477,NA,0.900497512523477
"998",-2.62322925500587e-36,0.900497512561697,NA,0.900497512561697
"999",-2.51287661950515e-36,0.900497512523669,NA,0.900497512523669
"1000",-2.42775615594702e-36,0.900497512516183,NA,0.900497512516183
"1001",-2.60280608103642e-36,0.900497512535843,NA,0.900497512535843
